input_len,bug_line,max_line,tp,tn,fp,fn
41,2,10,1,0,0,0
21,2,8,1,0,0,0
128,1,36,0,0,0,1
120,1,24,0,0,0,1
86,2,34,0,0,0,1
194,6,33,1,0,0,0
45,10,26,0,0,0,1
414,43,48,0,0,0,1
257,1,59,0,0,0,1
263,38,54,0,0,0,1
124,1,35,1,0,0,0
531,31,57,1,0,0,0
215,18,58,1,0,0,0
370,39,50,0,0,0,1
113,10,48,0,0,0,1
139,34,56,0,0,0,1
394,49,58,0,0,0,1
153,32,62,1,0,0,0
298,2,65,0,0,0,1
600,6,59,0,0,0,1
223,30,55,0,0,0,1
129,17,46,1,0,0,0
493,17,69,0,0,0,1
274,1,60,0,0,0,1
339,48,95,0,0,0,1
296,1,63,0,0,0,1
57,15,65,0,0,0,1
150,50,64,0,0,0,1
86,4,66,1,0,0,0
383,43,51,0,0,0,1
162,4,49,1,0,0,0
140,37,73,1,0,0,0
142,1,70,1,0,0,0
174,39,80,1,0,0,0
261,29,66,0,0,0,1
472,30,90,0,0,0,1
117,23,71,1,0,0,0
540,50,80,1,0,0,0
352,1,82,0,0,0,1
295,40,91,0,0,0,1
704,58,80,1,0,0,0
572,58,78,0,0,0,1
792,93,105,0,0,0,1
557,5,70,0,0,0,1
881,8,115,0,0,0,1
764,38,82,0,0,0,1
215,3,90,0,0,0,1
210,15,61,0,0,0,1
181,73,91,0,0,0,1
444,24,36,0,0,0,1
530,51,90,1,0,0,0
587,21,72,0,0,0,1
1082,50,96,0,0,0,1
302,30,90,0,0,0,1
2370,10,108,0,0,0,1
496,75,112,1,0,0,0
1050,1,77,0,0,0,1
902,74,102,0,0,0,1
818,13,108,0,0,0,1
777,1,110,0,0,0,1
928,73,101,0,0,0,1
1077,3,147,0,0,0,1
267,25,80,1,0,0,0
276,18,93,0,0,0,1
292,78,107,0,0,0,1
416,44,96,1,0,0,0
263,15,98,0,0,0,1
376,16,102,1,0,0,0
1056,8,138,0,0,0,1
668,21,102,1,0,0,0
1059,93,132,0,0,0,1
521,7,114,0,0,0,1
184,1,115,0,0,0,1
1355,67,131,1,0,0,0
337,1,78,0,0,0,1
1127,93,139,0,0,0,1
823,54,154,1,0,0,0
594,18,96,0,0,0,1
1242,141,180,0,0,0,1
384,73,145,0,0,0,1
734,121,146,1,0,0,0
1218,19,203,1,0,0,0
386,9,121,1,0,0,0
172,124,173,1,0,0,0
950,134,170,1,0,0,0
212,148,165,0,0,0,1
334,3,128,1,0,0,0
302,95,153,0,0,0,1
1717,27,150,0,0,0,1
390,65,119,0,0,0,1
809,20,121,0,0,0,1
516,40,135,0,0,0,1
723,14,155,0,0,0,1
1169,2,184,0,0,0,1
399,43,148,0,0,0,1
1221,73,144,0,0,0,1
3043,17,125,0,0,0,1
1078,122,195,0,0,0,1
1696,98,190,0,0,0,1
1696,97,190,0,0,0,1
1845,86,119,1,0,0,0
1534,67,183,0,0,0,1
1883,89,141,1,0,0,0
1412,47,220,0,0,0,1
1331,112,146,1,0,0,0
524,105,148,0,0,0,1
393,27,138,0,0,0,1
276,7,69,0,0,0,1
1616,3,154,0,0,0,1
2426,49,160,1,0,0,0
1409,8,145,1,0,0,0
214,35,200,0,0,0,1
886,14,141,1,0,0,0
1158,35,149,1,0,0,0
436,124,166,0,0,0,1
286,32,156,0,0,0,1
2230,82,230,0,0,0,1
724,39,171,0,0,0,1
496,82,145,1,0,0,0
1333,71,188,0,0,0,1
3060,86,169,1,0,0,0
2601,120,263,0,0,0,1
1796,45,194,0,0,0,1
2030,45,198,1,0,0,0
438,207,214,0,0,0,1
251,46,144,1,0,0,0
1918,176,213,0,0,0,1
337,120,130,1,0,0,0
2071,20,195,0,0,0,1
3626,52,233,0,0,0,1
1211,47,207,1,0,0,0
1791,25,216,0,0,0,1
1473,92,249,0,0,0,1
2249,58,217,0,0,0,1
3179,18,147,0,0,0,1
514,95,258,0,0,0,1
514,96,259,0,0,0,1
2054,52,199,0,0,0,1
514,98,261,0,0,0,1
502,141,234,0,0,0,1
3887,199,273,0,0,0,1
4844,141,318,0,0,0,1
2629,255,299,0,0,0,1
673,90,275,0,0,0,1
1189,19,211,0,0,0,1
2387,39,275,0,0,0,1
2440,249,355,0,0,0,1
477,153,218,0,0,0,1
2840,67,273,0,0,0,1
2853,58,275,0,0,0,1
3011,5,346,0,0,0,1
2965,190,202,0,0,0,1
5380,228,325,0,0,0,1
2157,1,274,0,0,0,1
6529,79,278,0,0,0,1
833,270,290,0,0,0,1
4445,120,230,0,0,0,1
2814,66,241,0,0,0,1
3938,29,324,1,0,0,0
3283,5,364,0,0,0,1
2983,14,286,0,0,0,1
790,88,234,1,0,0,0
1471,270,326,0,0,0,1
2365,22,317,1,0,0,0
2750,300,314,0,0,0,1
689,112,292,0,0,0,1
620,138,232,1,0,0,0
3686,68,316,0,0,0,1
3721,81,319,0,0,0,1
2745,13,355,0,0,0,1
3633,156,417,0,0,0,1
1548,1,322,0,0,0,1
3089,18,369,0,0,0,1
3784,157,324,1,0,0,0
3185,60,389,0,0,0,1
949,44,356,1,0,0,0
653,7,273,0,0,0,1
2648,307,381,0,0,0,1
612,233,276,0,0,0,1
2820,178,242,0,0,0,1
1927,91,257,0,0,0,1
3388,243,314,0,0,0,1
4695,87,402,0,0,0,1
2372,84,310,1,0,0,0
3218,30,361,0,0,0,1
2673,275,297,0,0,0,1
3952,162,371,0,0,0,1
1268,10,305,0,0,0,1
1004,103,298,0,0,0,1
4432,272,285,0,0,0,1
2604,90,309,0,0,0,1
741,37,208,1,0,0,0
3340,29,366,0,0,0,1
7048,261,426,0,0,0,1
5503,22,367,0,0,0,1
5669,313,323,0,0,0,1
6184,97,317,0,0,0,1
742,3,284,1,0,0,0
634,25,396,0,0,0,1
1347,209,299,1,0,0,0
5862,299,523,0,0,0,1
6292,264,457,0,0,0,1
1233,147,381,1,0,0,0
5478,114,385,0,0,0,1
1125,62,322,0,0,0,1
3006,42,270,1,0,0,0
4451,68,395,0,0,0,1
3857,339,449,0,0,0,1
1580,1,385,0,0,0,1
5326,119,534,0,0,0,1
5334,136,537,0,0,0,1
5943,31,575,0,0,0,1
5802,341,568,0,0,0,1
3483,1,470,0,0,0,1
6391,13,564,1,0,0,0
10886,12,416,1,0,0,0
3409,42,336,1,0,0,0
6968,93,473,0,0,0,1
4471,37,432,0,0,0,1
1221,82,516,0,0,0,1
7308,21,451,0,0,0,1
3828,442,480,0,0,0,1
3829,235,480,0,0,0,1
5184,408,507,0,0,0,1
7410,477,603,0,0,0,1
5660,181,341,0,0,0,1
782,129,363,0,0,0,1
5537,366,685,0,0,0,1
5943,609,707,0,0,0,1
6332,515,590,0,0,0,1
1353,3,322,0,0,0,1
2080,95,451,0,0,0,1
1305,480,576,0,0,0,1
1409,179,548,0,0,0,1
5349,94,562,0,0,0,1
5381,4,648,0,0,0,1
2716,200,460,0,0,0,1
1765,8,616,0,0,0,1
13569,286,747,0,0,0,1
4202,283,530,0,0,0,1
7475,351,837,0,0,0,1
1246,631,633,0,0,0,1
9664,315,810,1,0,0,0
4029,736,765,0,0,0,1
6308,18,634,1,0,0,0
871,103,584,0,0,0,1
11397,44,771,0,0,0,1
1275,616,625,0,0,0,1
2089,97,426,0,0,0,1
2691,1,761,0,0,0,1
1820,37,659,0,0,0,1
10258,114,786,0,0,0,1
7665,187,907,0,0,0,1
3844,50,606,0,0,0,1
14740,15,1234,0,0,0,1
9695,44,1235,0,0,0,1
9554,521,1374,0,0,0,1
1508,779,905,0,0,0,1
2684,1,831,1,0,0,0
24295,213,910,0,0,0,1
16769,650,1318,0,0,0,1
5763,102,922,0,0,0,1
10949,106,1149,0,0,0,1
20108,31,1145,0,0,0,1
2169,550,1013,0,0,0,1
8716,20,1111,0,0,0,1
6110,455,949,0,0,0,1
24554,9,1449,0,0,0,1
