file_id,model_output,type
450,"SE: The 'type' and 'file' parameters from user input are directly used to construct a file path without proper validation or sanitization, potentially allowing path traversal attacks.
BL: `$filelocation = __DIR__ . ""/images/$type/$file.$type"";`",buggy
5260,"Expected Output Structure:
SE: The 'uri.getLastPathSegment()' is used directly to create a file path without validating or sanitizing the input, which could allow path traversal attacks.
BL: `File privateFile = new File(cacheDir, uri.getLastPathSegment());`",buggy
8865,"SE: The 'uri' variable is derived from user input without proper validation or sanitization, potentially allowing path traversal attacks.
BL: `InputStream in = getServletContext().getResourceAsStream(uri)`",buggy
485,"Expected Output Structure:
SE: The 'path' parameter from user input is used to access file system directories after being decoded and sanitized, but the sanitization effectiveness is unclear, and direct use of this parameter in file system operations could lead to path traversal vulnerabilities.
BL: `$path = $_GET['path'];`",buggy
8810,"Expected Output Structure:
SE: The 'GRAV_BASEDIR' environment variable is directly used in constructing file paths without proper validation or sanitization, potentially allowing directory traversal attacks.
BL: `$grav_index = ltrim($grav_basedir, '/') . DIRECTORY_SEPARATOR . $grav_index;`",buggy
5235,"SE: The 'extension' parameter from user input is used in file path construction without adequate validation, potentially allowing path traversal.
BL: `readfile( $path );`",buggy
476,"SE: The 'filename' parameter is directly used in constructing file paths without validation or sanitization, potentially allowing path traversal attacks.
BL: `$this->importDirectory . $filename,`",buggy
444,"SE: The file path is constructed by directly appending user-controlled input without validation, which can lead to path traversal vulnerabilities.
BL: `path := filepath.Join(uz.Dest, f.Name)`",buggy
435,"Expected Output Structure:
SE: The 'filename' is derived from user-controlled input without proper validation or sanitization, which could lead to path traversal attacks.
BL: `filename = request.path_info_pop(environ)`",buggy
8846,"Expected Output Structure:
SE: The 'assetPath' is constructed from user-controlled input without proper validation, potentially allowing path traversal attacks.
BL: `$filePath = $assetRoot . DIRECTORY_SEPARATOR . $assetPath;`",buggy
8840,"SE: The 'unsafe_file_path' from user input is used to construct a file path without proper sanitization or restriction, potentially allowing path traversal attacks.
BL: `$file = dirname(__FILE__) . '/USER-FILES/' . $unsafe_file_path;`",buggy
8830,"SE: The file path for unzipping is constructed from a static path concatenated with potentially unsafe user input, without proper validation or sanitization.
BL: `zipper.sync.unzip(""./tests/assets/hello.zip"").save(""./tests/assets/hello-sync-unzip/"");`",buggy
457,"SE: The 'uploadedFileName' from user input is directly used to construct a file path without proper validation or sanitization, potentially allowing path traversal attacks.
BL: `$temporaryFileNameAndPath = UploadManager::UPLOAD_FOLDER . '/' . $uploadedFileName;`",buggy
487,"SE: The '$_REQUEST['fid']' is directly used to construct a file path without proper validation or sanitization, which can lead to path traversal vulnerabilities.
BL: `$id = ROOT_PATH.$_REQUEST['fid'];`",buggy
8807,"SE: The security check against directory traversal is insufficient as it only checks for simple patterns ""../"" and ""..\\"", which can be bypassed with more complex sequences or encoded variations.
BL: `if (strstr($filename, ""../"") || strstr($filename, ""..\\"")) {`",buggy
5417,"SE: The 'entry.getName()' from a ZipEntry is used to resolve a file path without validating or sanitizing the input, which can lead to path traversal vulnerabilities if the zip file contains relative paths or directory traversal sequences.
BL: `File entryDestination = path.resolve(entry.getName()).toFile();`",buggy
8680,"SE: The 'key' parameter from the URL is directly used to load a file without validation or sanitization, potentially allowing path traversal attacks.
BL: `Resource file = storageService.loadAsResource(key);` in both the `fetch` and `download` methods.",buggy
8708,"SE: The 'recording_file_path' from user input is base64 decoded and used in file_exists and unlink without proper validation, which can lead to path traversal.
BL: `if (file_exists(base64_decode($recording_file_path[$index]))) { @unlink(base64_decode($recording_file_path[$index])); }`",buggy
5317,"SE: The file path from the zip entry is directly used to create a new file without validating or sanitizing it, which could lead to path traversal vulnerabilities.
BL: `File file = new File(destination, zipEntry.getName());`",buggy
459,"Expected Output Structure:
SE: The 'request.url' is directly used in file path construction without proper validation or sanitization, which can lead to path traversal vulnerabilities.
BL: `var nowTemp = host.frondend + (request.url.replace('/', '') || host.baseTemp);`",buggy
8859,"Expected Output Structure:
SE: No line in the provided code directly handles file paths or user input for file operations, thus no apparent CWE-22 vulnerability.
BL: none",buggy
8892,"SE: The 'path' variable from user input is used to construct a file path without proper validation or sanitization.
BL: `file_path = os.path.join(current_app.template_folder, path)`",buggy
478,"SE: The 'zoneid' from user input is used to construct a file path without proper validation or sanitization, potentially allowing path traversal.
BL: `target_directory = '/var/captiveportal/zone%s/htdocs/' % zoneid`",buggy
5262,"Expected Output Structure:
SE: none
BL: none

Explanation:
The provided PHP code does not contain any explicit file path manipulations involving user input that would directly lead to a path traversal vulnerability (CWE-22). The code primarily deals with settings and asset management within a controlled environment using predefined classes and methods. The assets directory manipulation uses a `NullAdapter` to prevent actual file system writes, which is a safe operation in this context. There are no lines where user input is directly used to access or modify file paths.",buggy
8854,"SE: The 'user['Language']' input is used to construct a file path without proper validation or sanitization, which could lead to path traversal vulnerabilities.
BL: `$userLangFile = $prefix.'lang/'.$user['Language'].'.php';`",buggy
452,"SE: The file name extracted from the zip entry is used directly to create a file path without validating or sanitizing it, which could lead to path traversal vulnerabilities if the zip file contains malicious paths.
BL: `file = new File(destDir, fileName);`",buggy
8714,"SE: The 'paste' variable, derived from external input, is used to construct a file path without proper validation or sanitization, potentially allowing path traversal.
BL: `filename = os.path.join(PASTES_FOLDER, paste)`",buggy
8845,"SE: The 'user' input is directly used in constructing a file path without proper validation or sanitization, potentially allowing path traversal attacks.
BL: `$filePath = $configDir . '/ssh/' . $user;`",buggy
8749,"SE: The 'entry.getName()' from a ZipEntry is used to create a file path without validating that the path does not traverse outside the intended directory.
BL: `File file = new File(dir, entry.getName());`",buggy
471,"Expected Output Structure:
SE: The URL is directly used in file_get_contents without proper validation, which can lead to path traversal attacks if the URL is manipulated.
BL: `if(!$content = file_get_contents($this->url)) {`",buggy
8738,"SE: The function `parsePath` does not adequately sanitize the input `rawPath` to prevent directory traversal attacks. The input is trimmed and unescaped, but there is no check to ensure that the resulting path does not contain sequences like ""../"" which can lead to path traversal.
BL: `rawPath = _.trim(qs.unescape(rawPath))`",buggy
433,"SE: The 'xmlPathInJar' variable is used to match file names inside a JAR without validating or sanitizing the input, which could lead to path traversal if the variable contains malicious paths.
BL: `return je.getName().equals(xmlPathInJar);`",buggy
8869,"Expected Output Structure:
SE: The dictionary 'individual' and 'case' contain multiple fields where file paths are directly assigned without any checks or sanitization, potentially allowing path traversal if user input is not properly validated elsewhere.
BL: `bam_file=str,  # Path to bam file` and other similar lines in the 'individual' and 'case' dictionaries.",buggy
8889,"SE: The 'filename' parameter from the URL is directly used to construct a file path without proper validation or sanitization, potentially allowing path traversal attacks.
BL: `filepath = path.join(app.config.get(""PRIVATE_DIR""), filename)`",buggy
8812,"SE: The function does not adequately prevent directory traversal attacks as it only filters out '..' and '.' from the path parts but does not handle other forms of path traversal sequences or encoded variations.
BL: `let pathParts = _.filter(_.split(rawPath, '/'), p => { p = _.trim(p); return !_.isEmpty(p) && p !== '..' && p !== '.'; })`",buggy
8909,"Expected Output Structure:
SE: The 'directory' variable is user-controlled and appended to file paths without proper validation, potentially allowing directory traversal attacks.
BL: `filePath = directory + ""/"" + filePath;`",buggy
486,"SE: The file path is constructed directly from the ZipEntry name without validating or sanitizing it, which could lead to path traversal vulnerabilities if a malicious zip file contains directory traversal sequences in the entry names.
BL: `File file = new File(dest, name);`",buggy
445,"The provided file content includes a function that extracts files from a zip archive and writes them to a specified destination directory. The function `Extract` in the `Unzip` struct is particularly relevant for analyzing potential CWE-22 vulnerabilities, which concern path traversal issues.

**Analysis:**

The critical line in the `Extract` function is:
```go
path := filepath.Join(uz.Dest, f.Name)
```
This line constructs a file path by joining the destination directory (`uz.Dest`) with the name of the file (`f.Name`) extracted from the zip archive. The potential vulnerability arises if `f.Name` includes path traversal characters such as `../`, which could lead the file to be written outside the intended `uz.Dest` directory.

**Explanation:**
- If an attacker manipulates the zip file to contain entries with names like `../malicious`, the resulting path would end up outside the intended directory, leading to an overwrite of critical files or unauthorized information disclosure, depending on the system's configuration and permissions.

**Expected Output:**
SE: The file path is constructed by directly joining user-controlled input without validation, potentially leading to path traversal.
BL: `path := filepath.Join(uz.Dest, f.Name)`",buggy
8705,"Expected Output Structure:
SE: The 'widgetkey' from user input is directly used in file paths without proper validation or sanitization, potentially allowing path traversal attacks.
BL: `if (file_exists(""/conf/widget_image."" . $_GET['widgetkey']))`",buggy
5146,"SE: The 'path' parameter is directly used in file operations without proper validation or sanitization, which could allow path traversal attacks if a malicious path is provided.
BL: `if os.path.exists(path):`",buggy
480,"SE: The 'filename' parameter from user input is used to construct a file path without sufficient validation, potentially allowing path traversal.
BL: `$file = DIR_LOGS . $filename;` in the `download` method.",buggy
8739,"Expected Output Structure:
SE: The function `get_paths` constructs file paths by directly appending '.data' and '.meta' to the base path without proper validation or sanitization.
BL: `data_file = pathlib.Path(str(base_path) + "".data"")` and `metadata_file = pathlib.Path(str(base_path) + "".meta"")`",buggy
8834,"SE: The 'all_files' file is opened and read without validating or sanitizing the input, which could allow an attacker to manipulate the file path or content.
BL: `f = open(""all_files"", ""r"")` in the `check_cache` function.",buggy
8852,"SE: The function directly constructs a file path using unvalidated user input, which can lead to path traversal vulnerabilities.
BL: `aliasedRequire('./locale/' + name);`",buggy
446,"SE: The function `outputPath` constructs a file path from `tarPath` without adequately checking if the path escapes the intended directory, potentially leading to path traversal vulnerabilities if `SanitizePathFunc` is not set or does not properly sanitize paths.
BL: `outPath = gopath.Join(te.Path, outPath)`",buggy
8685,"SE: The 'ds->value' (file path) from user-controlled 'alias.url' is directly used to modify 'con->physical.basedir' and 'con->physical.path' without proper validation or sanitization, potentially allowing directory traversal.
BL: `buffer_copy_buffer(con->physical.basedir, ds->value); buffer_copy_buffer(srv->tmp_buf, ds->value); buffer_append_string(srv->tmp_buf, uri_ptr + alias_len); buffer_copy_buffer(con->physical.path, srv->tmp_buf);`",buggy
8702,"SE: The 'src' parameter, which represents the source archive path, is directly used in file operations without proper validation or sanitization, potentially allowing path traversal attacks.
BL: `var stream = fs.createReadStream(archive);` in multiple functions (extractTar, extractTarGz, extractGz)",buggy
8907,"SE: The 'entry.getName()' from the zip file is directly used to construct a file path without validation, which could lead to path traversal if the zip file contains relative paths or malicious entries.
BL: `File dest = new File(destinationDir, entry.getName());`",buggy
472,"SE: The variable `$toExtract` is directly used to construct a file path without proper validation or sanitization, which could allow an attacker to traverse the file system.
BL: `$localArchive = Froxlor::getInstallDir() . '/updates/' . $toExtract;`",buggy
436,"Expected Output Structure:
SE: The file path is constructed from user-controlled input without proper validation, which could lead to path traversal vulnerabilities.
BL: `final File outFile = new File(targetFolder, name);`",buggy
5236,"SE: The method 'pathOffset' directly uses the 'rest' variable from 'context.pathParam(""*"")' which could include user-controlled path segments, potentially leading to path traversal vulnerabilities.
BL: `return ""/"" + rest;`",buggy
437,"SE: The file name extracted from the zip entry is used directly to create a new file without validating or sanitizing it, which could lead to path traversal vulnerabilities.
BL: `File newFile = new File(destDir, fileName);`",buggy
430,"SE: The 'UriWithoutParams' variable derived from user input is used to construct file paths without proper validation or sanitization, potentially allowing path traversal attacks.
BL: `$pathFile = $_SERVER['DOCUMENT_ROOT'] . $UriWithoutParams;`",buggy
8879,"SE: The 'dir' and 'g.artifact.FilePath' are concatenated directly to form a file path without proper validation or sanitization, which could lead to path traversal if 'g.artifact.FilePath' contains directory traversal characters like '../'.
BL: `return ioutil.ReadFile(fmt.Sprintf(""%s/%s"", dir, g.artifact.FilePath))`",buggy
8686,"SE: The function `create_output_name` constructs a file path using user-provided input (`fname`) without properly sanitizing or validating it, potentially allowing path traversal attacks.
BL: `if (dir) { strcpy((char *) name, (char *) dir); strcat((char *) name, ""/""); }`",buggy
8745,"The provided file content does not appear to contain any explicit instances of CWE-22 (Improper Limitation of a Pathname to a Restricted Directory: Path Traversal). The code primarily deals with handling browser page interactions, logging, and PDF/image generation using a headless browser. It does not involve direct file system access or manipulation where user input might be used to construct file paths, which is the typical scenario for path traversal vulnerabilities.

However, it's important to note that while the code does not show direct signs of CWE-22, it's crucial in practice to ensure that any external input (like `htmlUrl` or data received over network requests) is properly validated and sanitized before use in file operations or other sensitive contexts. This is to prevent other types of security vulnerabilities, even though they are not directly related to path traversal.

Expected Output Structure:
SE: No path traversal issues detected in the provided code.
BL: none",buggy
438,"SE: The 'dent_node.name' is directly used in constructing file paths without validation or sanitization.
BL: `dent_path = os.path.join(path, dent_node.name)`",buggy
484,"SE: The file path is constructed using unsanitized user input, which can lead to path traversal vulnerabilities.
BL: `$file = implode('/', $args);`",buggy
5209,"Expected Output Structure:
SE: The variable '$id' from user input is directly used in constructing a file path without proper validation or sanitization, potentially allowing path traversal attacks.
BL: `include_once($path_to_root.'/modules/'.$id.'/hooks.php');`",buggy
8890,"SE: The function directly uses user-provided path input to construct a file path without proper validation or sanitization, which can lead to directory traversal attacks.
BL: `get_absolute_path(f""./images/{path}"")`",buggy
481,"SE: The 'file_key' from user input is directly used to construct a file path without proper validation or sanitization, potentially allowing path traversal attacks.
BL: `file_path = os.path.join(work_path, file_key)` in the `get` method of `PlaybookFileBrowserAPIView`.",buggy
8728,"The provided file content includes a line that may contain a bug of type CWE-22, which involves improper limitation of a pathname to a restricted directory, potentially leading to path traversal vulnerabilities. Here's the analysis:

**Very Short Explanation (SE):**
The `options.skeleton` is dynamically required based on user input without sufficient sanitization. This could allow an attacker to load arbitrary files by manipulating the input path, leading to path traversal.

**Bugged Line (BL):**
```javascript
options.skeleton = require(options.skeleton.charAt(0) === '.'
  ? path.resolve(process.cwd(), options.skeleton)
  : options.skeleton)
```

In this line, the code checks if the `options.skeleton` starts with a dot (indicating a relative path), and if so, it resolves this path against the current working directory (`process.cwd()`). If it doesn't start with a dot, it directly requires the path as is. This implementation could be exploited if an attacker has control over the `options.skeleton` input, potentially allowing them to access or execute files outside of the intended directories.",buggy
463,"SE: The function does not validate or sanitize the file names extracted from the zip archive, which could lead to path traversal if a malicious zip file contains relative paths or directory traversal sequences.
BL: `fullPath := filepath.Join(targetDir, file.Name)`",buggy
439,"SE: The method attempts to sanitize the path by checking for "".."" and converting it to a canonical path, but this is done after the path is already used in `getResourceAsStream`, which could potentially allow path traversal if the path is not properly sanitized before use.
BL: `InputStream fis = cls.getResourceAsStream(path);`",buggy
464,"SE: The 'file' parameter from POST request is directly used in file_get_contents without proper validation or sanitization, allowing for potential directory traversal attacks.
BL: `$data = file_get_contents($_POST['file']);`",buggy
449,"SE: The 'r.URL.Path' is directly used to construct a file path without proper sanitization, which could allow path traversal attacks.
BL: `filename := filepath.Join(cmd.storage, strings.Trim(r.URL.Path, ""/""))`",buggy
483,"SE: The 'sf_prefix' is directly used to access a file without proper validation or sanitization, which could allow path traversal attacks.
BL: `$downloadfile = $sf_directory . $_GET[""$sf_prefix""];`",buggy
442,"SE: The 'deletefile' parameter from the GET request is directly used to construct file paths without proper validation, which can lead to path traversal vulnerabilities.
BL: `if (!unlink($type . $name)) {`",buggy
447,"SE: The 'downloadPath' is directly used to create a file path without validation, which may allow path traversal attacks if the input is not properly sanitized.
BL: `Files.copy(in, Paths.get(downloadPath), StandardCopyOption.REPLACE_EXISTING);`",buggy
5152,"SE: The file path from the zip entry is directly used to create a new file without validating or sanitizing the path, which can lead to path traversal vulnerabilities.
BL: `File file = new File(folder, zipEntry.getName());`",buggy
431,"SE: The file path from the ZIP entry is directly used to create a new file without checking if it traverses outside the intended directory.
BL: `final File destFile = new File(importSandboxDirectory, zipEntry.getName());`",buggy
8713,"SE: The 'filename' parameter derived from user input is normalized and joined with a root directory, but it is not adequately checked to ensure it does not traverse outside the intended directory.
BL: `filename = path.normalize(path.join(ROOT_DIR, filename));`",buggy
8746,"SE: The code directly uses a user-provided path component without sufficient validation, which could allow path traversal attacks.
BL: `const filePath = path.join(workspaceDir, file);` in the GET and DELETE handlers for `/workspace/:path`.",buggy
8766,"The provided PHP code does not explicitly show any direct manipulation of file paths based on user input that would typically lead to a CWE-22 (Path Traversal) vulnerability. However, there are several instances where user input is used to fetch or manipulate data, which could potentially be risky if not properly handled elsewhere in the application. Here's a closer look:

1. **Fetching Custom Reports by Name**: Several methods use `$request->get('name')` to fetch a custom report configuration by name. If the underlying method `CustomReport\Config::getByName()` does not properly sanitize or validate the input, it could potentially lead to an unsafe query or file access, depending on how the data is stored and retrieved. However, without seeing the implementation of `getByName()`, it's not possible to definitively say there's a CWE-22 vulnerability.

2. **File Operations in `createCsvAction` and `downloadCsvAction`**: The methods related to CSV file creation and downloading use file paths derived from session or request data. While the primary concern here is more about ensuring file integrity and access control, improper handling could lead to path traversal if the application incorrectly constructs file paths based on external input.

Given the information available in the code snippet, here's the output based on the expected structure:

**Expected Output Structure:**
```
SE: Potential risk in handling file names or paths derived from user input without proper validation or sanitization.
BL: none
```

This output indicates a general concern but does not pinpoint a specific line with a CWE-22 vulnerability, as the actual handling of paths or file names is not explicitly shown in the provided code snippet.",buggy
8884,"SE: The 'req_path' parameter from the URL is directly used to construct a file system path without proper validation or sanitization.
BL: `abs_path = os.path.join(CONFIG['SRV_DIR'], req_path)`",buggy
8904,"SE: The 'folderpath' parameter from the URL is directly used in os.walk without proper validation or sanitization, which could allow directory traversal attacks if manipulated by an attacker.
BL: `for root, subfolder, files in os.walk(os.path.join(cfg.wiki_directory, folderpath)):`",buggy
5196,"SE: The method `filePath` constructs a file path using directory and filename inputs without validating or sanitizing them, which could allow directory traversal if user-controlled input is passed.
BL: `return public_path($path);` in the `filePath` method.",buggy
8672,"SE: The function `extractEntryTo` uses `pth.resolve` to construct the target path for extracted files, which can lead to path traversal if `entryName` is not properly sanitized.
BL: `var target = pth.resolve(targetPath, maintainEntryPath ? entryName : pth.basename(entryName));`",buggy
8650,"SE: The cleanUrl function attempts to remove directory traversal characters but does not adequately prevent path traversal attacks because it only removes instances of '..' without considering other forms such as encoded representations or subtle variations that could bypass the filter.
BL: `while(url.indexOf('..').length > 0) { url = url.replace('..', ''); }`",buggy
8838,"SE: The servlet path and path info from the request are used to construct a file path without proper validation or sanitization, potentially allowing path traversal attacks.
BL: `file = new File(file, httpRequest.getPathInfo());`",buggy
493,"SE: User-controlled input is used to construct a file path without proper validation or sanitization, potentially allowing path traversal attacks.
BL: `with open(f""user_images/pfp/{username}.png"", ""wb"") as write_file:`",buggy
8759,"The provided PHP code does not explicitly show any direct manipulation of file paths based on user input that would typically lead to a CWE-22 (Path Traversal) vulnerability. The code primarily deals with widget configuration, layout handling, and data serialization without directly accessing the file system using potentially manipulated paths.

However, there is a potential concern in the method `generateLayoutUpdateXml` where a template path is used to check if a file is readable:

```php
$templateFilename = Mage::getSingleton('core/design_package')->getTemplateFilename($templatePath, array(
    '_area'    => $this->getArea(),
    '_package' => $this->getPackage(),
    '_theme'   => $this->getTheme()
));
if (!$this->getId() && !$this->isCompleteToCreate()
    || ($templatePath && !is_readable($templateFilename))) {
    return '';
}
```

If external input can influence `templatePath` without proper validation, it might lead to a file inclusion vulnerability, which is closely related to path traversal but not exactly CWE-22. This line assumes that the path is valid and checks for readability, which could be exploited if `templatePath` is not properly sanitized elsewhere in the application.

Expected Output Structure:
SE: The 'templatePath' might be influenced by external input and is used in a file path operation without explicit validation, potentially leading to file inclusion vulnerabilities.
BL: `$templateFilename = Mage::getSingleton('core/design_package')->getTemplateFilename($templatePath, array('_area' => $this->getArea(), '_package' => $this->getPackage(), '_theme' => $this->getTheme()));`",buggy
440,"SE: The pathname is constructed from user-controlled input without validation, potentially allowing path traversal.
BL: `File outFile = new File(deployDir, en);`",buggy
443,"SE: The wildcard in the path is directly used to append to the filename without proper validation, which can lead to path traversal.
BL: `fname = filepath.Join(filename, m[0])`",buggy
460,"SE: The method `createDirectory` constructs a new directory path by concatenating user-controlled input without proper validation, potentially allowing path traversal.
BL: `$newPath = $path . DS . $name;`",buggy
8754,"Expected Output Structure:
SE: none
BL: none

Explanation:
The provided PHP file content, which appears to be part of the Magento e-commerce platform, does not contain any explicit handling of file paths or user input that directly manipulates file system paths. The code primarily deals with layout and block management within the Magento framework. There are no lines of code that concatenate or manipulate file paths based on user input, which would typically be necessary to identify a potential CWE-22 vulnerability (Path Traversal). Therefore, there are no lines in this file that suggest a path traversal bug.",buggy
8815,"Expected Output Structure:
SE: The 'path' parameter from the URL is directly used in file serving without proper sanitization, which can lead to path traversal attacks.
BL: `return send_file(safe_join(STATIC_PATH_LIB, path))`",buggy
8734,"SE: The method directly constructs a file path using external input without proper validation or sanitization, potentially allowing path traversal attacks.
BL: `return Paths.get(dataRepositoryPath, relativeFilePath);`",buggy
5192,"SE: The line directly uses user input ($_GET['a']) in a file path without proper validation or sanitization, which could lead to path traversal attacks.
BL: `} elseif( !file_exists( 'func/' . $_GET['a'] . '.php' ) ) {`",buggy
8895,"SE: The function directly uses the path from the URL without sanitizing or validating it, which could allow path traversal attacks if the URL is manipulated.
BL: `reader, err = os.Open(u.Path)`",buggy
8855,"SE: The file path is constructed by directly appending user-controlled input without proper validation, which can lead to path traversal vulnerabilities.
BL: `file_path = msprintf(""%s/%s"", ((struct _u_compressed_inmemory_website_config *)user_data)->files_path, file_requested);`",buggy
5219,"SE: External data file path is constructed from user-controlled input without validation, potentially allowing path traversal.
BL: `tensor_filename = f""{tensor_name}.bin""`",buggy
8724,"SE: The plugin directory path is constructed using external input without proper validation, which could allow directory traversal attacks.
BL: `$fn = ""$plugins_dir/$plugin_name/$plugin_name.php"";`",buggy
8883,"SE: The 'output_file_path' is directly used in file operations without proper validation or sanitization, which could allow an attacker to manipulate the path to access or modify files outside of the intended directory.
BL: `output_file = open(output_file_path, ""a+"", buffering=1)`",buggy
8716,"The provided PHP file content contains several instances where user input is used to construct file paths. This can potentially lead to a CWE-22 vulnerability, where an attacker could manipulate paths to access or modify files outside of the intended directories. Below are the lines that may contain such vulnerabilities:

1. **File Upload Path Construction:**
   - **Line:** `$fullfilepath = $destdir . DIRECTORY_SEPARATOR . $filename;`
   - **Explanation:** The `$filename` is derived from user-uploaded file names, which can be manipulated. If not properly sanitized, this could lead to path traversal.

2. **File Deletion Path Construction:**
   - **Line:** `$realFilePath = dirname(Yii::app()->basePath) . DIRECTORY_SEPARATOR . $file['path'];`
   - **Explanation:** The `$file['path']` comes from user input and is used directly to construct the path for file deletion. This could be exploited to delete files outside the intended directory.

3. **File Operations in `transitFiles` Method:**
   - **Line:** `$realTargetPath = dirname(Yii::app()->basePath) . DIRECTORY_SEPARATOR . $folder;`
   - **Explanation:** The `$folder` variable is taken from user input and used in file operations like move and copy. This could lead to unauthorized file access or modification.

4. **Directory Check in `_checkFolder`:**
   - **Line:** `$realPath = dirname(Yii::app()->basePath) . DIRECTORY_SEPARATOR . $sFolderPath;`
   - **Explanation:** The `$sFolderPath` is influenced by user input and is used to check directory existence and permissions, potentially exposing sensitive directories.

Each of these lines involves direct or indirect use of user input to determine filesystem paths, which should be handled with caution. Proper sanitization and validation of all user inputs used in file path operations are crucial to prevent path traversal attacks.

**Expected Output Structure:**
```
SE: User input used in file path construction without proper sanitization.
BL: $fullfilepath = $destdir . DIRECTORY_SEPARATOR . $filename;
```",buggy
8764,"SE: The target file path is constructed by appending user-controlled input without proper validation, which can lead to path traversal vulnerabilities.
BL: `target_file_to_save = normalize_path($target_dir . $name, false);`",buggy
8660,"SE: The function `imap_parse_path` directly processes the input path to extract mailbox details without adequately sanitizing or validating the input to prevent directory traversal or improper access.
BL: `if (imap_parse_path(path, &mx) < 0)` in multiple functions such as `imap_expand_path`, `imap_get_parent_path`, `imap_clean_path`, etc.",buggy
448,"SE: The path is constructed from user input without proper validation or sanitization, potentially allowing path traversal attacks.
BL: `final String _path = localPath + Item.SEPARATOR + item.getPath();`",buggy
8833,"SE: The '$_POST' data is directly used to construct file paths without proper validation or sanitization, which can lead to path traversal vulnerabilities.
BL: `$oldFile = $icmsObj->getUploadDir(true) . $icmsObj->getVar($key, 'e');`",buggy
8709,"SE: The file path is constructed from user input without proper validation, allowing for potential directory traversal attacks.
BL: `$stream_full_path = path_join($stream_path, $stream_file);`",buggy
8751,"SE: The 'memcpy' function is used without validating if the destination buffer 'xop->src_tid_wwn' or 'xop->dst_tid_wwn' can safely hold the data copied from 'desc[8]', which could lead to buffer overflow if 'XCOPY_NAA_IEEE_REGEX_LEN' is larger than the buffer size.
BL: `memcpy(&xop->src_tid_wwn[0], &desc[8], XCOPY_NAA_IEEE_REGEX_LEN);` and `memcpy(&xop->dst_tid_wwn[0], &desc[8], XCOPY_NAA_IEEE_REGEX_LEN);`",buggy
473,"The provided PHP file content includes a class `elFinderVolumeLocalFileSystem` which extends `elFinderVolumeDriver`. This class is designed to handle file operations on a local filesystem, and it includes methods that could potentially be vulnerable to path traversal attacks (CWE-22).

**Analysis:**

1. **Path Concatenation and Normalization:**
   The methods `_joinPath`, `_normpath`, and `_abspath` are used throughout the class to handle file paths. These methods are critical as they directly manipulate file paths based on user input or system variables.

2. **Potential Vulnerable Line:**
   - In the method `_joinPath`, there is a line where the directory traversal check is performed:
     ```php
     if (strpos($name, '..' . DIRECTORY_SEPARATOR) !== false) {
         $name = basename($name);
     }
     ```
     This line attempts to mitigate directory traversal by checking for the presence of `..` followed by the directory separator in the file name. If found, it resets the name to just the basename of the provided name. However, this check might not be sufficient if the name contains encoded or double-encoded traversal sequences that are not normalized before this check.

**Conclusion:**
The line in `_joinPath` method attempts to prevent directory traversal but may not handle all cases, especially with complex or encoded paths. This could potentially allow an attacker to traverse the directory structure outside of intended boundaries.

**Expected Output Structure:**
```plaintext
SE: The method attempts to prevent directory traversal by checking for '..' but may fail with encoded or complex paths.
BL: if (strpos($name, '..' . DIRECTORY_SEPARATOR) !== false) {
         $name = basename($name);
     }
```",buggy
8799,"SE: The 'filename' parameter from the user is directly used to construct a file path without proper validation or sanitization.
BL: `file_path = os.path.join(PATH_NOTE_ATTACHMENTS, filename)`",buggy
432,"Expected Output Structure:
SE: The 'base_uri' is directly concatenated with file paths without proper validation or sanitization, potentially allowing path traversal if 'base_uri' is externally influenced or improperly set.
BL: `$this->emoji[':)'] = $base_uri . '72x72/1f604.png';` (and similar lines for other emojis)",buggy
8691,"SE: The file path for the ZIP archive is constructed using unsanitized user input, which can lead to path traversal vulnerabilities.
BL: `$aZIPFileName = $this->config->item(""tempdir"").DIRECTORY_SEPARATOR.randomChars(30);`",buggy
450,"Expected Output Structure:
SE: The 'file' and 'type' parameters from user input are directly used to construct a file path without proper validation or sanitization, potentially allowing path traversal attacks.
BL: `$filelocation = __DIR__ . ""/images/$type/$file.$type"";`",not_buggy
5260,"Expected Output Structure:
SE: The 'uri.getLastPathSegment()' is used to access files, which may allow path traversal if not properly sanitized.
BL: `File privateFile = new File(cacheDir, uri.getLastPathSegment());`",not_buggy
8865,"Expected Output Structure:
SE: The 'uri' variable is derived from user input without sufficient sanitization, potentially allowing path traversal attacks.
BL: `try (InputStream in = getServletContext().getResourceAsStream(uri))`",not_buggy
485,"Expected Output Structure:
SE: The 'path' parameter from user input is used to access file system directories after being decoded and sanitized, but the sanitization effectiveness is unclear, and direct use of this parameter in file system operations could lead to path traversal vulnerabilities.
BL: `$path = $_GET['path'];`",not_buggy
8810,"SE: The 'grav_basedir' is taken from an environment variable and used in file paths without proper validation or sanitization, potentially allowing directory traversal attacks.
BL: `$_SERVER['SCRIPT_FILENAME'] = $_SERVER['DOCUMENT_ROOT'] . $grav_basedir .DIRECTORY_SEPARATOR . 'index.php';`",not_buggy
5235,"SE: The 'extension' parameter from user input is used to construct a file path without sufficient validation, potentially allowing path traversal.
BL: `$path = realpath($allowedRoot.'/'.$extension);`",not_buggy
476,"Expected Output Structure:
SE: The use of `basename()` function properly limits the pathname to the base filename, preventing directory traversal attacks.
BL: none",not_buggy
444,"Expected Output Structure:
SE: The file path is checked against directory traversal but does not account for relative paths that could still refer outside the intended directory after path normalization.
BL: `path := filepath.Join(uz.Dest, f.Name)`",not_buggy
435,"SE: The 'filename' is derived from user input without proper validation or sanitization, which can lead to path traversal.
BL: `filename = request.path_info_pop(environ)`",not_buggy
8846,"SE: The 'assetPath' is derived from user-controlled input without proper validation, potentially allowing directory traversal attacks.
BL: `$assetPath = ltrim(substr($request->getRequestUri(), strlen($request->getBaseUrl()) + 4), '/');`",not_buggy
8840,"SE: The 'unsafe_file_path' from user input is used to construct a file path without proper validation or sanitization, potentially allowing path traversal attacks.
BL: `$full_unsafe_file_path = $xerte_toolkits_site->root_file_path . $xerte_toolkits_site->users_file_area_short . $unsafe_file_path;`",not_buggy
8830,"SE: The file path for unzipping is constructed from user input without proper validation or sanitization, potentially allowing path traversal attacks.
BL: `zipper.sync.unzip(""./tests/assets/hello.zip"").save(""./tests/assets/hello-sync-unzip/"");`",not_buggy
457,"SE: The line attempts to mitigate directory traversal by replacing '..' with an empty string, but it does not account for variations like '../' or encoded representations.
BL: `$uploadedFileName = str_replace('..' . DIRECTORY_SEPARATOR, '', $uploadedFileName);`",not_buggy
487,"SE: The script checks for '..' and '.php' in the 'fid' parameter but does not adequately prevent path traversal as it only checks for the presence of these substrings without further validation or sanitization.
BL: `if(!Kotchasan\Login::isMember() || strpos($_REQUEST['fid'], '..') === false || strpos($_REQUEST['fid'], '.php') === false) exit();`",not_buggy
8807,"Expected Output Structure:
SE: The security check against directory traversal is insufficient as it only checks for simple patterns and does not account for more complex or encoded traversal sequences.
BL: `if (strstr($filename, ""../"") || strstr($filename, ""..\\"")) {`",not_buggy
5417,"SE: The code does not properly validate the canonical path of the extracted file against the intended directory path, potentially allowing path traversal attacks.
BL: `File entryDestination = path.resolve(entry.getName()).toFile();`",not_buggy
8680,"Expected Output Structure:
SE: The 'key' parameter from the URL path is used directly to load a file without sufficient validation of its content to prevent path traversal attacks.
BL: `Resource file = storageService.loadAsResource(key);` in both the `fetch` and `download` methods.",not_buggy
8708,"Expected Output Structure:
SE: The 'call_recording_path' and 'call_recording_name' are concatenated to form a file path without proper validation or sanitization, potentially allowing path traversal.
BL: `if (file_exists($call_recording_path.'/'.$call_recording_name)) { @unlink($call_recording_path.'/'.$call_recording_name); }`",not_buggy
5317,"Expected Output Structure:
SE: The file path from the zip entry is directly used to create a new file without proper validation to ensure it does not traverse outside the intended directory.
BL: `File file = new File(destination, zipEntry.getName());`",not_buggy
459,"SE: The line directly uses user input in file path construction without adequate sanitization, potentially allowing path traversal attacks.
BL: `var nowTemp = (host.frondend + (request.url.replace('/', '') || host.baseTemp)).replace(/\.\./g, '');`",not_buggy
8859,"Expected Output Structure:
SE: none
BL: none

Explanation:
The provided code does not contain any explicit file path manipulation or direct file access operations that involve untrusted input, which could lead to a path traversal vulnerability (CWE-22). The methods and operations shown primarily deal with class and method whitelisting for security introspection purposes, without direct interaction with the file system paths based on user input.",not_buggy
8892,"Expected Output Structure:
SE: The 'path' parameter from the URL is used to access files directly, which may allow path traversal if not properly sanitized.
BL: `file_path = safe_join(current_app.template_folder, path)`",not_buggy
478,"Expected Output Structure:
SE: The 'zoneid' from user input is used to construct a file path without proper validation or sanitization, potentially allowing path traversal.
BL: `target_directory = '/var/captiveportal/zone%s/htdocs/' % zoneid`",not_buggy
5262,"Expected Output Structure:
SE: none
BL: none

Explanation:
The provided PHP code does not contain any explicit file path manipulations involving user input that would directly lead to a path traversal vulnerability (CWE-22). The code primarily deals with settings validation and CSS recompilation using predefined methods and classes, without directly accessing or manipulating file system paths based on user input. The use of a dummy filesystem with a `NullAdapter` in the `FilesystemAdapter` also indicates that file operations are abstracted and controlled, reducing the risk of path traversal.",not_buggy
8854,"SE: The 'prefix' variable is directly used in file path construction without proper validation, potentially allowing directory traversal.
BL: `$userLangFile = $prefix.'lang/'.preg_replace('/[^[:alnum:]_]+/', '', $user['Language']).'.php';`",not_buggy
452,"Expected Output Structure:
SE: File creation based on zip entry names without proper validation can lead to path traversal vulnerabilities.
BL: `file = new File(destDir, fileName);`",not_buggy
8714,"SE: The 'paste' variable, which is derived from external input, is used to construct a file path without sufficient validation, potentially allowing path traversal.
BL: `filename = os.path.join(PASTES_FOLDER, paste)`",not_buggy
8845,"SE: The 'user' input is used to generate a file path without proper validation or sanitization, potentially allowing path traversal.
BL: `$filePath = join(DIRECTORY_SEPARATOR, [$configDir, 'ssh', sha1($user)]);`",not_buggy
8749,"Expected Output Structure:
SE: The code properly checks for path traversal vulnerabilities by ensuring that the canonical path of the extracted file starts with the canonical path of the destination directory plus a separator.
BL: none",not_buggy
471,"Expected Output Structure:
SE: The URL is directly used in file_get_contents without proper validation of the path, which could lead to path traversal attacks if the URL is manipulated.
BL: `if(!$content = file_get_contents($this->url)) {`",not_buggy
8738,"SE: The function does not adequately prevent directory traversal attacks as it only filters out '..' and '.' from the path parts but does not handle other forms of path traversal sequences or encoded variations.
BL: `let pathParts = _.filter(_.split(rawPath, '/'), p => { p = _.trim(p); return !_.isEmpty(p) && p !== '..' && p !== '.'; })`",not_buggy
433,"SE: The code does not properly validate the path of the extracted file from the jar, potentially allowing path traversal attacks.
BL: `if (!copyFile.toPath().normalize().startsWith(file.toPath().normalize())) { throw new IOException(""Bad zip entry""); }`",not_buggy
8869,"SE: The dictionary definitions include direct paths to files without any checks or sanitization to ensure that the paths are safe and not susceptible to path traversal attacks.
BL: `bam_file=str,  # Path to bam file` and other similar lines defining paths to files (e.g., `rhocall_bed=str,  # Path to bed file`, `cnv_report=str,  # CNV report is a path to pdf file`, etc.).",not_buggy
8889,"Expected Output Structure:
SE: The 'filename' parameter from the URL is used to construct a file path without proper validation.
BL: `filepath = safe_join(app.config.get(""PRIVATE_DIR""), filename)`",not_buggy
8812,"SE: The function attempts to sanitize the rawPath by removing unsafe characters and sequences like "".."", but it does not adequately prevent directory traversal as it processes the path parts without fully ensuring that path traversal sequences are eliminated or that they do not lead outside the intended directory.
BL: `rawPath = rawPath.replaceAll('\\', '').replaceAll('//', '').replaceAll(/\.\.+/ig, '')`",not_buggy
8909,"Expected Output Structure:
SE: The 'directory' variable is user-controlled and appended to file paths without proper validation, potentially allowing directory traversal attacks.
BL: `filePath = directory + ""/"" + filePath;`",not_buggy
486,"Expected Output Structure:
SE: The 'entry.getName()' method directly retrieves the entry name from a ZIP file, which could include directory traversal characters that are not properly sanitized before use.
BL: `File file = new File(dest, entry.getName());`",not_buggy
445,"Expected Output Structure:
SE: The file path is constructed from user input without proper validation, which can lead to directory traversal attacks.
BL: `path := filepath.Join(uz.Dest, f.Name)`",not_buggy
8705,"SE: The 'widgetkey' parameter from user input is used to construct a file path without sufficient validation, potentially allowing path traversal.
BL: `$image_filename = ""/conf/widget_image.{$wk}"";`",not_buggy
5146,"SE: The 'path' parameter is directly used in file system operations without proper validation or sanitization, which could allow an attacker to traverse the file system.
BL: `if os.path.exists(path):`",not_buggy
480,"SE: The 'filename' parameter from user input is used to construct a file path without sufficient validation, potentially allowing path traversal.
BL: `file = DIR_LOGS . $filename;` in the `download()` method.",not_buggy
8739,"Expected Output Structure:
SE: The 'path' parameter from the URL is used directly in file system operations without sufficient validation or sanitization, potentially allowing path traversal attacks.
BL: `data_file, metadata_file = get_paths(app.config[""DATA_ROOT""], path)`",not_buggy
8834,"SE: The 'filename' is constructed from user input without proper validation or sanitization, which could lead to path traversal if manipulated.
BL: `filename = all_files[0][1] + all_files[0][2]`",not_buggy
8852,"SE: The 'name' variable is directly used in a path without proper validation, potentially allowing path traversal.
BL: `aliasedRequire('./locale/' + name);`",not_buggy
446,"SE: The function `outputPath` checks for path traversal using "".."" but does not handle other forms of path traversal such as absolute paths or symbolic links that could potentially escape the intended directory.
BL: `outPath = gopath.Join(te.Path, outPath)`",not_buggy
8685,"SE: The code does not properly check for path traversal patterns after an alias match, potentially allowing access to restricted directories.
BL: `if (uri_ptr[alias_len] == '.') { char *s = uri_ptr + alias_len + 1; if (*s == '.') ++s; if (*s == '/' || *s == '\0') { size_t vlen = buffer_string_length(ds->value); if (0 != alias_len && ds->key->ptr[alias_len-1] != '/' && 0 != vlen && ds->value->ptr[vlen-1] == '/') { con->http_status = 403; return HANDLER_FINISHED; } } }`",not_buggy
8702,"SE: The function `extract` uses user-provided `src` and `dst` paths without proper validation or sanitization, which could allow path traversal if malicious paths are used.
BL: `extractor = getExtractor(src);`",not_buggy
8907,"SE: The 'entry.getName()' is directly used to construct a file path without proper validation, which can lead to path traversal vulnerabilities.
BL: `File dest = new File(destinationDir, entry.getName());`",not_buggy
472,"SE: The 'archive' parameter from user input is used to construct a file path without proper validation, which could lead to path traversal.
BL: `$localArchive = FileDir::makeCorrectFile(Froxlor::getInstallDir() . '/updates/' . $toExtract);`",not_buggy
436,"Expected Output Structure:
SE: The extracted file path is constructed from user-controlled input without proper validation, which can lead to directory traversal attacks.
BL: `final File outFile = new File(targetFolder, name);`",not_buggy
5236,"Expected Output Structure:
SE: The 'rest' variable, derived from user input, is used to construct a file path without sufficient validation, potentially allowing path traversal attacks.
BL: `rest = HttpUtils.removeDots(rest.replace('\\', '/'));`",not_buggy
437,"Expected Output Structure:
SE: The file path from the zip entry is directly used to create a new file without proper validation, which can lead to path traversal vulnerabilities.
BL: `File newFile = new File(destDir, fileName);`",not_buggy
430,"Expected Output Structure:
SE: The 'UriWithoutParams' variable is directly used to construct file paths without proper validation or sanitization, potentially allowing path traversal attacks.
BL: `pathFile = $_SERVER['DOCUMENT_ROOT'] . $UriWithoutParams;`",not_buggy
8879,"SE: The function does not properly sanitize the 'dir' parameter before using it to construct a file path, potentially allowing directory traversal attacks if 'dir' contains malicious input.
BL: `filePath := fmt.Sprintf(""%s/%s"", dir, g.artifact.FilePath)`",not_buggy
8686,"SE: The function `ensure_filepath` modifies the input path directly, potentially allowing directory traversal by not properly validating or sanitizing the path components.
BL: `ok = (stat(path, &st_buf) == 0) && S_ISDIR(st_buf.st_mode);`",not_buggy
8745,"SE: The code directly checks if the URL starts with 'file:///' which could allow path traversal if not properly sanitized elsewhere.
BL: `r.url().lastIndexOf('file:///', 0) === 0`",not_buggy
438,"SE: The function `is_safe_path` checks if the resolved path is within the base directory, but the actual path concatenation and usage occur later in `extract_dents` without rechecking, potentially allowing path traversal if `is_safe_path` is bypassed or misused.
BL: `dent_path = os.path.realpath(os.path.join(path, dent_node.name))`",not_buggy
484,"SE: The file path is constructed from user input without proper validation or sanitization, which may allow an attacker to access or manipulate files outside of the intended directory.
BL: `$filePath = realpath($basePath . DS . $file);`",not_buggy
5209,"Expected Output Structure:
SE: The 'id' parameter from user input is directly used in file path construction without proper validation or sanitization, potentially allowing path traversal attacks.
BL: `@include_once($path_to_root.'/'.$ext['path'].'/hooks.php');`",not_buggy
8890,"SE: The function `get_absolute_path` constructs a file path using user-supplied input without proper validation, which could lead to directory traversal attacks.
BL: `abs_file_path = safe_join(script_dir, rel_path)`",not_buggy
481,"SE: The function `unzip_playbook` extracts files from a zip archive without validating or sanitizing the paths of the extracted files, which could lead to directory traversal if the zip file contains relative paths or malicious paths.
BL: `fz.extract(file, dist)`",not_buggy
8728,"SE: The 'options.skeleton' parameter is dynamically required based on user input without proper validation or sanitization, which could lead to path traversal if a malicious path is provided.
BL: `options.skeleton = require(options.skeleton.charAt(0) === '.' ? path.resolve(process.cwd(), options.skeleton) : options.skeleton)`",not_buggy
463,"SE: The function does not properly sanitize or check the file paths derived from the zip file entries, potentially allowing path traversal attacks if a zip file contains relative paths that navigate upwards in the directory structure (e.g., ""../"").
BL: `fullPath := filepath.Join(targetDir, file.Name)`",not_buggy
439,"SE: The method attempts to sanitize the path by checking for "".."" and converting it to a canonical path, but this is done after potentially dangerous input has already been used to access a resource stream, which could lead to path traversal if the input is crafted maliciously.
BL: `InputStream fis = cls.getResourceAsStream(path);`",not_buggy
464,"SE: The 'file' parameter from POST request is used to construct a file path without proper validation, allowing for potential directory traversal attacks.
BL: `$logfile = htmlspecialchars($suricatalogdir . basename($_POST['file']));`",not_buggy
449,"SE: The filename is constructed using user-controlled input without proper sanitization, which may allow path traversal attacks.
BL: `filename := filepath.Join(cmd.storage, filepath.FromSlash(path.Clean(""/""+strings.Trim(r.URL.Path, ""/""))))`",not_buggy
483,"SE: The 'downloadfile' variable is constructed using user input without proper validation, which can lead to path traversal attacks.
BL: `$downloadfile = $sf_directory . basename($downloadfile);`",not_buggy
442,"SE: The line directly uses user input from `$_GET['deletefile']` to construct file paths without sufficient sanitization, which could allow path traversal attacks.
BL: `list ($type, $name) = explode(""-"", $_GET ['deletefile'], 2);`",not_buggy
447,"SE: The 'downloadPath' is directly used to save a file without validating or sanitizing the path, which could allow path traversal attacks if the path is manipulated.
BL: `Files.copy(in, Paths.get(downloadPath), StandardCopyOption.REPLACE_EXISTING);`",not_buggy
5152,"SE: The code does not properly check if the extracted file's canonical path is within the intended directory, which could allow path traversal attacks.
BL: `if (file.getCanonicalPath().startsWith(folder.getCanonicalPath())) {`",not_buggy
431,"SE: The code does not properly validate the path of the zip entry, potentially allowing path traversal attacks.
BL: `final File destFile = new File(importSandboxDirectory, zipEntry.getName());`",not_buggy
8713,"SE: The 'filename' parameter from the request is normalized and joined with ROOT_DIR but still checked against ROOT_DIR after manipulation, which might not prevent all path traversal issues.
BL: `filename = path.normalize(path.join(ROOT_DIR, filename));`",not_buggy
8746,"SE: The code directly uses a user-provided path component (`file`) to construct a filesystem path without adequately ensuring that the path is restricted to a specific directory.
BL: `const filePath = path.join(workspaceDir, file);`",not_buggy
8766,"Expected Output Structure:
SE: none
BL: none

Explanation:
The provided PHP code primarily deals with handling custom reports within a Pimcore application. It includes actions for CRUD operations on report configurations and data retrieval for reports. The code does not explicitly handle file paths or perform operations that involve accessing the file system based on user input, which would typically be vulnerable to path traversal attacks (CWE-22). All interactions seem to be confined to data handling within the context of the application's database and report configurations, without direct filesystem manipulation based on external input. Therefore, there are no lines in the provided code that suggest a vulnerability to CWE-22.",not_buggy
8884,"Expected Output Structure:
SE: The 'req_path' parameter from the URL is directly used in filesystem operations without proper validation or sanitization.
BL: `abs_path = safe_join(CONFIG['SRV_DIR'], req_path)`",not_buggy
8904,"SE: The 'folderpath' parameter from the URL is directly used in filesystem operations without proper validation or sanitization, potentially allowing directory traversal attacks.
BL: `requested_path = os.path.join(cfg.wiki_directory,folderpath)`",not_buggy
5196,"SE: The 'dir' parameter is sanitized by removing certain characters, but it may not be sufficient to prevent directory traversal as other methods or encodings could bypass this filter.
BL: `$this->_dir = str_replace([""\0"", '/', '.'], '', $dir);`",not_buggy
8672,"SE: The function directly uses the `entry` parameter to access zip entries without validating or sanitizing the input, which could lead to path traversal vulnerabilities if the input includes directory traversal characters.
BL: `item = _zip.getEntry(entry);` in the `getEntry` function.",not_buggy
8650,"SE: The cleanUrl function attempts to prevent directory traversal by removing instances of '..', but this approach may not be robust enough as it does not handle cases where directory traversal sequences are encoded differently or interspersed with other characters.
BL: `while(url.indexOf('..') >= 0) { url = url.replace('..', ''); }`",not_buggy
8838,"Expected Output Structure:
SE: The servlet path is modified based on user input without sufficient validation, which could lead to directory traversal.
BL: `fullFilePath = fullFilePath.resolve(httpRequest.getPathInfo());`",not_buggy
493,"Expected Output Structure:
SE: File paths are constructed using user input without proper validation or sanitization, which could allow an attacker to traverse the file system.
BL: `with open(f""user_images/pfp/{username}.png"", ""wb"") as write_file:` and `with open(f""user_images/banner/{username}.png"", ""wb"") as write_file:`",not_buggy
8759,"SE: User input for 'templatePath' and 'blockReference' is sanitized using htmlspecialchars, but the method does not prevent path traversal attacks effectively, especially if the application logic later uses these values in file system operations without further validation.
BL: `if ($templatePath !== htmlspecialchars($templatePath, ENT_QUOTES | ENT_HTML5) || $blockReference !== htmlspecialchars($blockReference, ENT_QUOTES | ENT_HTML5)) { Mage::throwException('Templatepath or block reference contain special characters.'); }`",not_buggy
440,"Expected Output Structure:
SE: The file name is checked for path traversal patterns after being modified, which might not effectively prevent path traversal attacks.
BL: `if (en.contains(""../"") || en.contains(""/.."")) 
		    	throw new IOException(""The file name "" + en + "" contains .. which can lead to a Path Traversal vulnerability"");`",not_buggy
443,"SE: The function attempts to prevent path traversal by checking for "".."" in the request URL, but it does not adequately handle all cases of path traversal, such as encoded sequences or complex relative paths.
BL: `if !strings.Contains(req, "".."") { return false }`",not_buggy
460,"SE: The code does not properly validate or sanitize the 'path' parameter before using it to perform file operations, which could allow an attacker to manipulate the path to access or modify files outside of the restricted directory.
BL: `$newPath = $path . DS . $name;`",not_buggy
8754,"Expected Output Structure:
SE: none
BL: none

Explanation:
The provided PHP file content, which appears to be part of a Magento application, does not contain any explicit handling of file paths or user input that directly manipulates file system paths. Therefore, there are no lines in the code that suggest a vulnerability to CWE-22 (Improper Limitation of a Pathname to a Restricted Directory: Path Traversal). The code primarily deals with layout rendering, block management, and XML structure manipulation within the confines of the application's layout system.",not_buggy
8815,"SE: The 'path' parameter from the URL is directly used in file serving without proper validation, which can lead to path traversal attacks.
BL: `return send_file(safe_join(STATIC_PATH_LIB, path))`",not_buggy
8734,"SE: The method `getDataFilePath` constructs a file path using user-controlled input without proper validation, potentially allowing path traversal attacks.
BL: `return Paths.get(dataRepositoryPath, relativeFilePath);`",not_buggy
5192,"SE: The line directly includes a file based on user input without proper sanitization, which can lead to path traversal attacks.
BL: `require './func/' . $module . '.php';`",not_buggy
8895,"SE: The function `getModTime` uses `filepath.Abs` which can potentially allow path traversal if user-controlled input is passed to it.
BL: `absPath, err := filepath.Abs(path)`",not_buggy
8855,"SE: The file path is constructed from user input without proper validation, which can lead to path traversal.
BL: `file_path = msprintf(""%s/%s"", ((struct _u_compressed_inmemory_website_config *)user_data)->files_path, file_requested);`",not_buggy
5219,"Expected Output Structure:
SE: The external data tensor location is set to a path that navigates outside of the intended directory, which can lead to path traversal vulnerabilities.
BL: `set_external_data(tensor, location=""../../file.bin"")`",not_buggy
8724,"SE: The plugin name is directly used in file path construction without sufficient validation, which could allow directory traversal.
BL: `$fn = ""$plugins_dir/$plugin_name/$plugin_name.php"";`",not_buggy
8883,"SE: The function `get_server_log_file_path` constructs a file path using direct concatenation of user-controlled input without proper validation or sanitization, which could lead to path traversal vulnerabilities.
BL: `log_file_path = ""logs/"" + server.id + ""/server.log""`",not_buggy
8716,"The provided PHP file content contains several instances where user input is used to determine file paths without proper validation or sanitization. This can lead to a CWE-22 vulnerability, where an attacker could manipulate paths to access or modify files outside of the intended directories.

**Vulnerable Line Analysis:**

1. **File Upload Handling:**
   - The `uploadFile` method uses `$_FILES['file']['name']` directly to construct the file path where the file will be saved. This can be manipulated to include directory traversal characters (e.g., `../`), potentially allowing files to be saved outside the intended directory.

   ```php
   $filename = sanitize_filename($_FILES['file']['name'], false, false, false);
   $fullfilepath = $destdir . DIRECTORY_SEPARATOR . $filename;
   ```

   **Explanation:** Although there is a call to `sanitize_filename`, depending on its implementation, it might not be sufficient to prevent directory traversal if it does not explicitly check for such patterns. The direct use of user input in file path construction is risky.

2. **File Deletion Handling:**
   - The `deleteFile` method constructs a file path for deletion using user-provided input without sufficient path traversal checks.

   ```php
   $realFilePath = dirname(Yii::app()->basePath) . DIRECTORY_SEPARATOR . $file['path'];
   ```

   **Explanation:** The `file['path']` is taken from user input and directly used to construct the path for the file to be deleted. If the path contains traversal sequences, it could lead to deletion of files outside the intended directory.

3. **File Handling in `transitFiles`:**
   - Similar to the upload and delete, the `transitFiles` method uses user input to determine the destination path for file operations like move and copy.

   ```php
   $realTargetPath = dirname(Yii::app()->basePath) . DIRECTORY_SEPARATOR . $folder;
   $fileDestination = realpath($realTargetPath) . DIRECTORY_SEPARATOR . $file['shortName'];
   ```

   **Explanation:** The method constructs file paths based on user input without adequately checking for path traversal, which could lead to files being moved or copied to unintended directories.

**Expected Output Structure:**

SE: User input used in file path construction without adequate path traversal checks.
BL: 
```php
$filename = sanitize_filename($_FILES['file']['name'], false, false, false);
$fullfilepath = $destdir . DIRECTORY_SEPARATOR . $filename;
$realFilePath = dirname(Yii::app()->basePath) . DIRECTORY_SEPARATOR . $file['path'];
$realTargetPath = dirname(Yii::app()->basePath) . DIRECTORY_SEPARATOR . $folder;
$fileDestination = realpath($realTargetPath) . DIRECTORY_SEPARATOR . $file['shortName'];
```

These lines should be reviewed and properly sanitized to ensure that path traversal cannot occur. Implementing strict path validation and avoiding direct use of user input in file path construction are recommended practices to mitigate this vulnerability.",not_buggy
8764,"SE: The code does not properly sanitize the file path to prevent directory traversal attacks.
BL: `if (strpos($target_file_to_save,'..') !== false) { continue; }`",not_buggy
8660,"SE: The function `imap_hcache_open` does not properly validate the path for directory traversal characters before using it to construct a file path.
BL: `if (strstr(mbox, ""/../"") || (strcmp(mbox, "".."") == 0) || (strncmp(mbox, ""../"", 3) == 0))`",not_buggy
448,"SE: The method `prepareUpload` constructs a file path by concatenating user-controlled input without proper validation or sanitization, potentially allowing path traversal attacks.
BL: `String path = localPath + Item.SEPARATOR + item.getPath();`",not_buggy
8833,"SE: User input is directly used in file path operations without proper validation or sanitization, which can lead to path traversal vulnerabilities.
BL: `$_POST['url_' . $key] = preg_replace('|[\.]+\/|', './', $_POST['url_' . $key]);`",not_buggy
8709,"SE: The file path is constructed from user input without proper validation, allowing for potential directory traversal attacks.
BL: `$stream_full_path = path_join($stream_path, $stream_file);`",not_buggy
8751,"SE: The function `target_xcopy_parse_tiddesc_e4` directly uses the `memcpy` function to copy data from a descriptor into the `xop->src_tid_wwn` and `xop->dst_tid_wwn` without validating if the source buffer contains data from a trusted source or if it exceeds the expected length, potentially allowing an attacker to exploit this by crafting malicious input that could lead to buffer overflow or other unexpected behaviors.
BL: `memcpy(&xop->src_tid_wwn[0], &desc[8], XCOPY_NAA_IEEE_REGEX_LEN);` and `memcpy(&xop->dst_tid_wwn[0], &desc[8], XCOPY_NAA_IEEE_REGEX_LEN);`",not_buggy
473,"The provided PHP file contains a potential vulnerability related to CWE-22 (Improper Limitation of a Pathname to a Restricted Directory: Path Traversal) in the `_joinPath` method. This method constructs a path based on directory and file name inputs, which could potentially include directory traversal sequences (e.g., `../`). Here's the analysis:

**Vulnerable Line:**
```php
$path = realpath($dir . DIRECTORY_SEPARATOR . $name);
```
In the `_joinPath` method, the `$dir` and `$name` variables are concatenated to form a path. If `$name` contains directory traversal characters like `../`, it could potentially lead to accessing directories outside of the intended scope, even though there is an attempt to normalize the path using `realpath()`. However, before `realpath()` is called, there's no explicit check to remove or block directory traversal sequences in `$name`.

**Explanation:**
The vulnerability arises because user input (or other external input) that forms part of a file or directory path is not adequately sanitized to prevent directory traversal attacks. This could allow an attacker to access files and directories stored outside the intended directory tree.

**Expected Output Structure:**
```
SE: The variables '$dir' and '$name' are concatenated to form a file path without adequate checks for directory traversal sequences.
BL: $path = realpath($dir . DIRECTORY_SEPARATOR . $name);
```

This line should be carefully reviewed and potentially modified to include explicit checks or sanitization routines to ensure that no directory traversal sequences are present in the input variables before they are used to construct file system paths.",not_buggy
8799,"SE: The filename from user input is used directly in file path construction without proper validation or sanitization.
BL: `file_path = os.path.join(PATH_NOTE_ATTACHMENTS, filename)`",not_buggy
432,"The provided PHP file contains a potential vulnerability related to CWE-22 (Improper Limitation of a Pathname to a Restricted Directory: Path Traversal) in the `load_template` function. This function dynamically constructs a file path for inclusion based on template names, which could potentially be manipulated to include files outside of the intended directories if not properly sanitized.

**Vulnerable Line:**
```php
$file = um_path . ""templates/{$tpl}.php"";
```

In this line, the `$tpl` variable is used directly to construct a file path that is included later in the code. If an attacker can control the `$tpl` variable, they might be able to traverse the directory structure (e.g., using `../`) to access arbitrary files on the server.

**Expected Output Structure:**
```
SE: The variable '$tpl' is directly used to construct a file path for inclusion, which could lead to directory traversal if not properly sanitized.
BL: $file = um_path . ""templates/{$tpl}.php"";
```",not_buggy
8691,"SE: The file path for the ZIP archive is constructed using unsanitized user input, which can lead to path traversal vulnerabilities.
BL: `$aZIPFileName = $this->config->item(""tempdir"").DIRECTORY_SEPARATOR.randomChars(30);`",not_buggy
