file_id,model_output
18," SE: The user input from $_GET['user_id'] is directly used in the SQL query without proper sanitization, which could lead to SQL Injection.
BL: $stmt->bind_param('i', $_GET['user_id']);
BUG FOUND: YES."
6101," SE: The 'input' from user is directly used in the SQL query without proper sanitization.
BL: `$sql = ""SELECT * FROM payments WHERE transaction_id LIKE :identifier"";`
BUG FOUND: YES

Explanation:
The user input is directly used in the SQL query using prepared statements, which is generally a good practice. However, the `LIKE` operator in SQL is vulnerable to SQL injection if the user input is not properly sanitized. In this case, if the input contains special characters like '%' or '_', it can alter the SQL query's behavior, leading to SQL injection attacks. Therefore, it is recommended to sanitize the user input before using it in the SQL query."
20," SE: The user input from $_GET['user_id'] is directly used in an SQL query without proper sanitization.
BL: `$stmt->bind_param('i', $_GET['user_id']);`
BUG FOUND: YES

Explanation:
The code is vulnerable to SQL Injection because it uses user input directly in the SQL query. An attacker can manipulate the 'user_id' parameter to inject malicious SQL code. The 'i' in the bind_param function indicates that the user input is treated as an integer, but this does not protect against SQL injection if the attacker provides a string that can be cast to an integer. It's recommended to use prepared statements with placeholders for all user inputs to ensure proper sanitization and protection against SQL injection."
6177," SE: The input from $_GET['transaction_id'] is directly used in the SQL query without proper sanitization, potentially allowing for SQL Injection.
BL: `$paymentInput = $_GET['transaction_id']; $payments = $paymentProcessor->getPaymentDetails($paymentInput)`
BUG FOUND: YES."
3141," SE: The user input 'user_id' from GET request is directly used in the SQL query without proper sanitization.
BL: `$userDTO = new UserDTO($_GET['user_id']);` and `$sql = ""SELECT * FROM users WHERE id = :id"";`
BUG FOUND: YES"
3043," SE: The 'userDTO->id' is directly used in the SQL query without proper sanitation or parameterization.
BL: `$sql = ""SELECT * FROM users WHERE id = :id""; $stmt = $pdo->prepare($sql); $stmt->bindParam(':id', $userDTO->id, PDO::PARAM_INT); $stmt->execute();`
BUG FOUND: YES

Explanation:

The 'userDTO->id' value is directly used in the SQL query. If the 'user_id' value comes from user input and is not properly sanitized or validated, it can lead to an SQL Injection vulnerability (CWE-89). In this case, the 'bindParam' function is used to bind the parameter to the query, which is a good practice to prevent SQL injection. However, the example code does not show how the 'user_id' value is obtained and sanitized before creating the 'UserDTO' object. Therefore, it is still considered as a potential security risk."
3062," SE: The user input 'user_id' from an insecure source (GET request) is directly used in an SQL query without proper sanitation or parameterization.
BL: `$userDTO = new UserDTO($_GET['user_id']);`
BUG FOUND: YES

Additionally, the following line is also vulnerable:

SE: The user input 'user_id' from an insecure source (GET request) is directly used in an SQL query without proper sanitation or parameterization.
BL: `$sql = ""SELECT * FROM users WHERE id = :id"";`
BUG FOUND: YES"
6176," SE: The input from $_GET['transaction_id'] is directly used in the SQL query without proper sanitization, potentially allowing for SQL Injection.
BL: $paymentInput = $_GET['transaction_id'];
$payments = $paymentProcessor->getPaymentDetails($paymentInput)
BUG FOUND: YES"
3060," SE: The `$_GET['user_id']` is directly used in the SQL query without proper sanitization or parameterization.
BL: `$userDTO = new UserDTO($_GET['user_id']);` & `$stmt->bindParam(':id', $userDTO->id, PDO::PARAM_INT);`
BUG FOUND: YES

Explanation:
The input from `$_GET['user_id']` is directly used in the SQL query. If the input is not properly sanitized, it can lead to an SQL Injection (CWE-89) vulnerability. However, in this case, the input is being used with PDO prepared statements and bindParam, which is a good practice to prevent SQL injection. But the type is explicitly set to PDO::PARAM_INT, which means only integer values are expected. If the input is not an integer, it could lead to unexpected behavior or an error. Therefore, it's important to ensure that the input is a valid integer before using it in this context."
3140," SE: The user input from $_GET['user_id'] is directly used in an SQL query without proper sanitization, potentially allowing for SQL Injection.
BL: $userDTO = new UserDTO($_GET['user_id']);
$sql = ""SELECT * FROM users WHERE id = :id""; 
$stmt = $pdo->prepare($sql);
$stmt->bindParam(':id', $userDTO->id, PDO::PARAM_INT);
BUG FOUND: YES."
6315," SE: The input from $_GET['transaction_id'] is directly used in the SQL query without proper sanitization, making it vulnerable to SQL Injection.
BL: `$paymentInput = $_GET['transaction_id']; $payments = $paymentProcessor->getPaymentDetails($paymentInput)`
BUG FOUND: YES"
3061," SE: The 'user_id' from GET request is directly used in the SQL query without any sanitization, which could potentially lead to SQL Injection.
BL: `$userDTO = new UserDTO($_GET['user_id']);` & `$sql = ""SELECT * FROM users WHERE id = :id"";`
BUG FOUND: YES"
6189," SE: The 'input' from user is directly used in SQL query without proper sanitization.
BL: $sql = ""SELECT * FROM payments WHERE transaction_id LIKE :identifier"";
BUG FOUND: YES
"
6316," SE: The input from $_GET['transaction_id'] is directly used in the SQL query without proper sanitization, making it susceptible to SQL Injection.
BL: `$paymentInput = $_GET['transaction_id']; $payments = $paymentProcessor->getPaymentDetails($paymentInput)`
BUG FOUND: YES."
6175," SE: The input from $_GET['transaction_id'] is directly used in the SQL query without proper sanitization, which may lead to SQL Injection.
BL: `$paymentInput = $_GET['transaction_id']; $payments = $paymentProcessor->getPaymentDetails($paymentInput)`
BUG FOUND: YES

Explanation:
The code is taking user input from the GET request and using it directly in the SQL query. This practice is dangerous as it can lead to SQL Injection attacks if the input is not properly sanitized. An attacker can manipulate the input to modify the SQL query, leading to unauthorized access, data modification, or data leakage. To prevent SQL Injection, use prepared statements or parameterized queries to ensure user input is always treated as literal data, not part of the SQL command."
1," SE: The 'user\_id' from GET request is directly used in the SQL query without proper sanitization.
BL: `$stmt->bind_param('i', $_GET['user_id']);`
BUG FOUND: YES

Explanation:
The code is vulnerable to SQL Injection because the 'user\_id' from the GET request is directly used in the SQL query. An attacker can manipulate the 'user\_id' value to inject malicious SQL code. The 'bind\_param' function is used to bind a variable to a parameter, but it does not sanitize the input. Proper sanitization or parameterization of the 'user\_id' value is required to prevent SQL Injection."
6345," SE: The input from $_GET['transaction_id'] is directly used in the SQL query without proper sanitization.
BL: $paymentInput = $_GET['transaction_id'];
$payments = $paymentProcessor->getPaymentDetails($paymentInput)
BUG FOUND: YES"
6084," SE: The 'input' variable from user is directly used in the SQL query without proper sanitization, making it susceptible to SQL Injection.
BL: `$sql = ""SELECT * FROM payments WHERE transaction_id LIKE :identifier"";`
BUG FOUND: YES

Explanation:
The 'input' variable received from user is used in the SQL query as a parameter for the LIKE operator. However, even though prepared statements are being used, the value of the 'identifier' variable is still being constructed from the user input using the 'strstr' and concatenation operations. This can potentially lead to SQL Injection if the user input is not properly sanitized. To mitigate this risk, consider using prepared statements with placeholders for all user-supplied values in the query."
243," SE: The user input from $_GET['user_id'] is directly used in the SQL query without any sanitization, which could potentially lead to SQL Injection.
BL: $stmt->bind_param('i', $_GET['user_id']);
BUG FOUND: YES"
3042," SE: The `$_GET['user_id']` is directly used in the SQL query without proper sanitization or parameterization.
BL: `$userDTO = new UserDTO($_GET['user_id']);` & `$stmt->bindParam(':id', $userDTO->id, PDO::PARAM_INT);`
BUG FOUND: YES

Explanation:
The input from `$_GET['user_id']` is directly used in the SQL query. If the input is not properly sanitized, it can lead to an SQL Injection vulnerability (CWE-89). However, in this case, it seems that the input is being bound as a parameter to the prepared statement, which is a good practice to prevent SQL injection. But the line `$userDTO = new UserDTO($_GET['user_id']);` still poses a risk if the UserDTO constructor does not properly sanitize the input."
0," SE: The '$_GET['user\_id']' is directly used in the SQL query without proper sanitization, making it susceptible to SQL Injection.
BL: $stmt->bind\_param('i', $_GET['user\_id']);
BUG FOUND: YES

Explanation:
The code is taking user input from the GET request and using it directly in the SQL query. This practice is prone to SQL Injection attacks (CWE-89) as malicious users can manipulate the input to alter the SQL command. In this case, the 'i' in bind\_param indicates an integer type, so it might mitigate some risks, but it's still a good practice to use prepared statements with parameterized queries to ensure proper sanitization and avoid potential security vulnerabilities."
6099," SE: The 'input' from user is directly used in the SQL query without any sanitization, which could lead to SQL Injection.
BL: `$sql = ""SELECT * FROM payments WHERE transaction_id LIKE :identifier"";`
BUG FOUND: YES

Explanation:
The user input from the GET request is directly used in the SQL query. If the input is not properly sanitized, an attacker can inject malicious SQL code, leading to SQL Injection vulnerability (CWE-89). In this specific case, the input is used in a LIKE clause, which might make the impact less severe, but it can still be exploited to extract sensitive data or modify the database. Always sanitize user inputs and use prepared statements or parameterized queries to ensure the security of your SQL queries."
112," SE: The user input from $_GET['user_id'] is directly used in the SQL query without proper sanitization.
BL: $stmt->bind_param('i', $_GET['user_id']); 
BUG FOUND: YES

Explanation:
The code is vulnerable to SQL Injection as it uses user input directly in the SQL query. The user input should be sanitized or parameterized to prevent any potential SQL injection attacks. In this case, 'i' is used as a parameter identifier which indicates that the user input is an integer. However, this does not prevent SQL injection if the user input is manipulated to include SQL commands. Therefore, it's recommended to use prepared statements or parameterized queries to ensure the security of the SQL query."
3154," SE: The user input from $_GET['user_id'] is directly used in the SQL query without proper sanitization or parameterization.
BL: $userDTO = new UserDTO($_GET['user_id']);
$sql = ""SELECT * FROM users WHERE id = :id""; 
$stmt = $pdo->prepare($sql);
$stmt->bindParam(':id', $userDTO->id, PDO::PARAM_INT);
BUG FOUND: YES. This is a textbook example of SQL Injection vulnerability (CWE-89). An attacker can manipulate the 'user_id' parameter to inject malicious SQL code."
99," SE: The user input from $_GET['user_id'] is directly used in the SQL query without any sanitization or parameterization.
BL: $stmt->bind_param('i', $_GET['user_id']); 
BUG FOUND: YES.

Explanation:
The code is vulnerable to SQL Injection attacks because it uses user input directly in the SQL query. This can allow an attacker to manipulate the SQL query and potentially gain unauthorized access to data, modify data, or even cause damage to the database. By using prepared statements with parameterized queries, as done in the rest of the query, the code can be made safe from such attacks. The correct way would be to change 'i', $_GET['user_id'] to ('s', $_GET['user_id']) if the user_id is a string, or keep it as ('i', $_GET['user_id']) if it is an integer, after ensuring that it is indeed an integer."
3142," SE: The user input from $_GET['user_id'] is directly used in an SQL query without proper sanitization.
BL: $userDTO = new UserDTO($_GET['user_id']);
$sql = ""SELECT * FROM users WHERE id = :id""; 
$stmt = $pdo->prepare($sql);
$stmt->bindParam(':id', $userDTO->id, PDO::PARAM_INT);
BUG FOUND: YES.
Please use prepared statements or parameterized queries to ensure the safety of your application."
244," SE: The user input from $_GET['user_id'] is directly used in the prepare statement without proper sanitation.
BL: `$stmt->bind_param('i', $_GET['user_id']);`
BUG FOUND: YES

Explanation:
Although the code uses a prepared statement, which is a good practice to prevent SQL injection, it's still vulnerable because the user input is not properly sanitized before being used in the bind_param function. If an attacker can manipulate the 'user_id' parameter, they could potentially inject malicious SQL code. To fix this issue, you should always validate and sanitize user inputs before using them in any database queries."
100," SE: The user input from $_GET['user_id'] is directly used in the prepare statement without proper sanitation.
BL: `$stmt->bind_param('i', $_GET['user_id']);`
BUG FOUND: YES

Explanation:

Although the code uses a prepared statement, which is a good practice to prevent SQL injection, the user input is still being directly bound to the SQL query using the 'bind_param' function. If the user input is not properly sanitized or validated before being used in the query, it could still lead to an SQL injection attack. In this case, if the 'user_id' comes from an untrusted source, it may contain special elements that can alter the SQL command, leading to a potential SQL injection vulnerability. To mitigate this risk, it is recommended to use parameterized queries or prepared statements correctly by treating the input as a string and letting the database driver handle the escaping of special characters."
98," SE: The user input from $_GET['user_id'] is directly used in the SQL query without proper sanitization or parameterization.
BL: $stmt->bind_param('i', $_GET['user_id']);
BUG FOUND: YES

Explanation:

The code is constructing an SQL query where the 'user_id' is directly taken from the GET request and used in the query. This practice is prone to SQL Injection (CWE-89), as malicious users might manipulate the 'user_id' value to inject harmful SQL code. The correct approach is to use prepared statements with parameterized queries to ensure that user input is always treated as literal data, not part of the SQL command. In this case, the line $stmt->bind_param('i', $_GET['user_id']); should be kept, but the 'user_id' should be validated and sanitized before using it in the query."
19," SE: The `$_GET['user_id']` is directly used in the SQL query without proper sanitization, which could lead to SQL Injection.
BL: `$stmt->bind_param('i', $_GET['user_id']);`
BUG FOUND: YES

To mitigate this, you should use prepared statements correctly by also using parameterized queries for the values. Here's how you can do it:

Instead of this:
`$stmt->bind_param('i', $_GET['user_id']);`

Do this:
```php
$preparedStatement = $mysqli->prepare(""SELECT * FROM users WHERE id = ?"");
$preparedStatement->bind_param('i', $_GET['user_id']);
$preparedStatement->execute();
$result = $preparedStatement->get_result();
```"
3285," SE: The user input from $_GET['user_id'] is directly used in an SQL query without proper sanitation, which could potentially lead to SQL Injection.
BL: $userDTO = new UserDTO($_GET['user_id']);
$sql = ""SELECT * FROM users WHERE id = :id""; 
$stmt = $pdo->prepare($sql);
$stmt->bindParam(':id', $userDTO->id, PDO::PARAM_INT);
BUG FOUND: YES. It is recommended to use prepared statements or parameterized queries to ensure that user input is properly sanitized and secure."
6100," SE: The 'input' from user is directly used in the SQL query without proper sanitization, making it vulnerable to SQL Injection.
BL: `$sql = ""SELECT * FROM payments WHERE transaction_id LIKE :identifier"";` (line 20)
BUG FOUND: YES

Explanation:
The 'input' from user is directly used in the SQL query using prepared statements, but the 'input' is not properly sanitized before using it in the query. This makes the application vulnerable to SQL Injection attacks. The proper way to prevent SQL Injection is to use prepared statements along with parameterized queries or stored procedures. In this case, the 'input' should be bound as a parameter to the prepared statement, like this:

`$stmt->bindValue(':identifier', $identifier . '%', PDO::PARAM_STR);`

This ensures that the 'input' is properly sanitized and escaped, preventing any potential SQL Injection attacks."
6317," SE: The 'input' from user is directly used in the SQL query without proper sanitization, making it vulnerable to SQL Injection.
BL: `$sql = ""SELECT * FROM payments WHERE transaction_id LIKE :identifier"";`
BUG FOUND: YES

Explanation:
The user input is being used in the SQL query using a parameterized query, which is a good practice to prevent SQL injection. However, the input is being used in a LIKE clause with a wildcard (%) at the end, which can still make it vulnerable to SQL injection if the input is not properly sanitized. If the input is coming from an untrusted source, it should be validated and sanitized to ensure it does not contain any malicious SQL code."
6521," SE: The 'input' from user is directly used in an SQL query without proper sanitization, which could lead to SQL Injection.
BL: `$sql = ""SELECT * FROM payments WHERE transaction_id LIKE :identifier"";`
BUG FOUND: YES"
3284," SE: The user input from $_GET['user_id'] is directly used in an SQL query without proper sanitation, potentially allowing for SQL injection.
BL: $userDTO = new UserDTO($_GET['user_id']);
$sql = ""SELECT * FROM users WHERE id = :id""; 
$stmt = $pdo->prepare($sql);
$stmt->bindParam(':id', $userDTO->id, PDO::PARAM_INT);
BUG FOUND: YES. This should be fixed by using prepared statements or parameterized queries to ensure user input is properly sanitized."
6565," SE: The input from $_GET['transaction_id'] is directly used in the SQL query without proper sanitization, making it susceptible to SQL Injection.
BL: `$paymentInput = $_GET['transaction_id']; $payments = $paymentProcessor->getPaymentDetails($paymentInput)`
BUG FOUND: YES"
6329," SE: The input from $_GET['transaction_id'] is directly used in the SQL query without proper sanitization.
BL: `$paymentInput = $_GET['transaction_id']; $payments = $paymentProcessor->getPaymentDetails($paymentInput)`
BUG FOUND: YES"
3314," SE: The user input from $_GET['user_id'] is directly used in an SQL query without proper sanitization or parameterization.
BL: $userDTO = new UserDTO($_GET['user_id']);
$stmt->bindParam(':id', $userDTO->id, PDO::PARAM_INT);
BUG FOUND: YES. This is vulnerable to SQL Injection (CWE-89) as it directly uses user input in the SQL query. It should use prepared statements or parameterized queries to ensure proper sanitization of input data."
6520," SE: The input from $_GET['transaction_id'] is directly used in the SQL query without proper sanitization, making it vulnerable to SQL Injection (CWE-89).
BL: `$paymentInput = $_GET['transaction_id']; $payments = $paymentProcessor->getPaymentDetails($paymentInput)`
BUG FOUND: YES"
3286," SE: The user input 'user_id' is directly used in an SQL query without proper sanitation, making it susceptible to SQL Injection.
BL: `$userDTO = new UserDTO($_GET['user_id']);`
BUG FOUND: YES

Explanation:
The code is taking the 'user_id' from the GET request and using it directly in the SQL query. This means if a malicious user provides a specially crafted input (e.g., including SQL commands), they could manipulate the database. To prevent SQL Injection, use prepared statements and parameterized queries to ensure user input is always treated as literal data, not part of the SQL command."
256," SE: The user input from $_GET['user_id'] is directly used in the prepare statement without any sanitation or type checking, which could potentially lead to SQL Injection.
BL: $stmt->bind_param('i', $_GET['user_id']); 
BUG FOUND: YES

Explanation:
The code is vulnerable to SQL Injection because it uses user input directly in the SQL query. Even though it uses prepared statements, which is a good practice, the user input is not properly sanitized or type-checked before being bound to the statement. This can lead to an SQL Injection attack if the user input contains malicious SQL code. To fix this issue, you should always validate and sanitize user inputs, especially when they are used in SQL queries or other sensitive operations."
6519," SE: The input from user 'paymentInput' is directly used in the SQL query without proper sanitization, which could lead to SQL Injection.
BL: `$paymentInput = $_GET['transaction_id']; $payments = $paymentProcessor->getPaymentDetails($paymentInput)`
BUG FOUND: YES"
452," SE: The 'user_id' from GET request is directly used in the SQL query without proper sanitization, which could lead to SQL Injection.
BL: `$stmt->bind_param('i', $_GET['user_id']);`
BUG FOUND: YES"
3492," SE: The construction of the SQL query uses string interpolation to insert the user ID, which may come from an untrusted source, into the query. This can potentially lead to SQL Injection if the user input is not properly sanitized.
BL: `$sql = ""SELECT * FROM users WHERE id = :id"";` (this line is not bugged itself, but it's part of the vulnerable code) and `$sql = ""SELECT * FROM products WHERE code = '$code'"";`
BUG FOUND: YES"
272," SE: The input from user_id is directly used in the SQL query without proper sanitization or parameterization.
BL: `$stmt->bind_param('i', $_GET['user_id']);`
BUG FOUND: YES

Explanation:
The code is vulnerable to SQL Injection attacks because it uses user input directly in the SQL query. This can lead to malicious users injecting their own SQL code into the query and extracting or modifying data in the database. To fix this issue, use prepared statements with parameterized queries to ensure that user input is always treated as literal data, not part of the SQL command."
242," SE: The user input from $_GET['user_id'] is directly used in the SQL query without proper sanitization, making it vulnerable to SQL Injection.
BL: $sql = ""SELECT * FROM users WHERE id = ?""; $stmt = $mysqli->prepare($sql); $stmt->bind_param('i', $_GET['user_id']);
BUG FOUND: YES.

Please note that this is a potential security vulnerability. It's recommended to use prepared statements correctly and sanitize all user inputs to protect against SQL Injection attacks. In this case, you can change the code to use a whitelist of allowed values for $_GET['user_id'] or use functions like intval() to ensure the input is a valid integer before using it in the query."
6549," SE: The 'transaction_id' from user input is directly concatenated into the SQL query without proper sanitation, potentially allowing for SQL Injection.
BL: `$likeIdentifier = $identifier . '%'; $stmt->bindParam(':identifier', $likeIdentifier, PDO::PARAM_STR);`
BUG FOUND: YES"
3298," SE: The user input from $_GET['user_id'] is directly used in the SQL query without proper sanitization or parameterization.
BL: $userDTO = new UserDTO($_GET['user_id']);
$sql = ""SELECT * FROM users WHERE id = :id""; 
$stmt = $pdo->prepare($sql);
$stmt->bindParam(':id', $userDTO->id, PDO::PARAM_INT);
BUG FOUND: YES.

Explanation:
The code is vulnerable to SQL Injection because it directly uses the user input from $_GET['user_id'] in the SQL query. An attacker can manipulate the user_id parameter to inject malicious SQL code, which can lead to unauthorized access, data modification, or data extraction. To fix this issue, use prepared statements and parameterized queries to bind user input to SQL query parameters. This ensures that user input is always treated as literal data, not part of the SQL command."
3538," SE: The user input from $_GET['user_id'] is directly used in the SQL query without proper sanitization or parameterization, which could potentially lead to SQL Injection (CWE-89).
BL: `$userDTO = new UserDTO($_GET['user_id']);`
BUG FOUND: YES

Please note that the rest of the code does not contain any instances of CWE-89 as it does not include any user inputs being directly used in SQL queries or other similar contexts."
3522," SE: The user input from $_GET['user_id'] is directly used in the SQL query without proper sanitization or parameterization, which could potentially lead to SQL Injection.
BL: `$userDTO = new UserDTO($_GET['user_id']);`
BUG FOUND: YES

Explanation:
The code is constructing a new UserDTO object with the 'user_id' value from the GET request. This value is then used directly in the SQL query without any sanitization or parameterization. An attacker could exploit this by injecting malicious SQL code in the 'user_id' parameter, leading to an SQL Injection vulnerability (CWE-89). To fix this issue, consider using prepared statements or parameterized queries to ensure the safe handling of user input in SQL queries."
450," SE: The user input from $_GET['user_id'] is directly used in the SQL query without proper sanitization, which could lead to an SQL Injection bug (CWE-89).
BL: `$stmt->bind_param('i', $_GET['user_id']);`
BUG FOUND: YES"
3764," SE: The user input from $_GET['user_id'] is directly used in the SQL query without proper sanitization, making it vulnerable to SQL Injection (CWE-89).
BL: `$userDTO = new UserDTO($_GET['user_id']);`
BUG FOUND: YES"
3506," SE: The user input from $_GET['user_id'] is directly used in the SQL query without proper sanitization or parameterization, which could potentially lead to SQL Injection (CWE-89).
BL: `$userDTO = new UserDTO($_GET['user_id']);`
BUG FOUND: YES.

Please note that the rest of the code does not contain any instances of CWE-89 as it does not include any user inputs being directly used in SQL queries or other similar contexts."
3493," SE: The user input from $_GET['user_id'] is directly used in the SQL query without proper sanitization, which could potentially lead to SQL Injection.
BL: `$userDTO = new UserDTO($_GET['user_id']);`
BUG FOUND: YES

Please note that the rest of the code does not contain any instances of CWE-89. However, it is always a good practice to use prepared statements or parameterized queries when constructing SQL queries to prevent SQL injection."
3494," SE: The user input from $_GET['user_id'] is directly used in an SQL query without proper sanitization or parameterization, which could potentially lead to SQL Injection.
BL: `$userDTO = new UserDTO($_GET['user_id']);`
BUG FOUND: YES

The rest of the code does not contain any lines that may contain a bug of type CWE-89 (Improper Neutralization of Special Elements used in an SQL Command ('SQL Injection')). The code uses prepared statements and parameter binding correctly, and there are no other instances where user input is directly concatenated into SQL queries."
464," SE: The user input from $_GET['user_id'] is directly used in the SQL query without proper sanitization, which could lead to SQL Injection.
BL: `$stmt->bind_param('i', $_GET['user_id']);`
BUG FOUND: YES

The rest of the code does not contain any lines that directly concatenate user input into an SQL query, so no other bugs of type CWE-89 were found."
496," SE: The 'id' parameter in the SQL query is directly bound with a user-provided input ($_GET['user_id']) without proper sanitation or parameterization, which could potentially lead to SQL Injection.
BL: `$stmt->bind_param('i', $_GET['user_id']);`
BUG FOUND: YES"
480," SE: The SQL query uses user input in the 'bind_param' function without proper sanitation, which may lead to SQL Injection if the user input is not properly escaped.
BL: `$stmt->bind_param('i', $_GET['user_id']);`
BUG FOUND: YES

Explanation:
The 'bind_param' function is used to bind variables to a prepared statement as parameters to the SQL query. The first argument to 'bind_param' is a string that indicates the types of the following variables. In this case, 'i' indicates an integer. The second argument is the user input from the GET request. If the user input is not properly sanitized, it can lead to SQL Injection attacks. It is recommended to use prepared statements with parameterized queries to prevent SQL Injection."
6817," SE: The input from $_GET['transaction_id'] is directly used in the SQL query without any sanitization, potentially allowing for SQL injection.
BL: `$paymentInput = $_GET['transaction_id']; $payments = $paymentProcessor->getPaymentDetails($paymentInput)`
BUG FOUND: YES"
451," SE: The user input from $_GET['user_id'] is directly used in the SQL query without proper sanitization, which could lead to an SQL Injection bug (CWE-89).
BL: `$stmt->bind_param('i', $_GET['user_id']);`
BUG FOUND: YES

Please note that this is a potential security vulnerability. In a production environment, you should always sanitize user inputs before using them in SQL queries. You can use prepared statements, parameterized queries, or escaping special characters to prevent SQL Injection attacks."
724," SE: The user input from $_GET['user_id'] is directly used in the SQL query without proper sanitization or parameterization.
BL: `$stmt->bind_param('i', $_GET['user_id']);`
BUG FOUND: YES"
6789," SE: The 'input' variable from user input is directly used in an SQL query without proper sanitization, making it susceptible to SQL Injection.
BL: `$sql = ""SELECT * FROM payments WHERE transaction_id LIKE :identifier"";` (line 18)
BUG FOUND: YES"
6533," SE: The 'input' variable from user input is directly used in the SQL query without proper sanitization, which could lead to SQL Injection.
BL: `$sql = ""SELECT * FROM payments WHERE transaction_id LIKE :identifier"";`
BUG FOUND: YES

Explanation:
The code is using prepared statements, which is a good practice to prevent SQL injection. However, the user input is being used as a pattern for a LIKE statement, and the input is not properly sanitized before being used in the query. This could potentially be exploited through SQL injection if the input contains special characters like '%' or '_'. It would be more secure to sanitize the input or use a different approach that doesn't rely on pattern matching with user input."
6787," SE: The input from user ($_GET['transaction_id']) is directly used in the SQL query without any sanitization, which could potentially lead to SQL Injection.
BL: `$paymentInput = $_GET['transaction_id']; $payments = $paymentProcessor->getPaymentDetails($paymentInput)`
BUG FOUND: YES"
752," SE: The SQL query uses user input ($_GET['user_id']) directly in the prepared statement without proper sanitation, which may lead to SQL Injection.
BL: `$stmt->bind_param('i', $_GET['user_id']);`
BUG FOUND: YES"
722," SE: The user input from $_GET['user_id'] is directly used in the prepare statement without any sanitation, which could potentially lead to an SQL Injection bug if the input is not properly validated.
BL: `$stmt->bind_param('i', $_GET['user_id']);`
BUG FOUND: YES"
784," SE: There is no usage of user input directly in SQL queries in the provided code, so there are no lines that may contain a bug of type CWE-89 (SQL Injection).

BL: None

BUG FOUND: NO"
3810," SE: The SQL query uses user input directly in the query without proper sanitation, making it susceptible to SQL Injection.
BL: `$sql = ""SELECT * FROM users WHERE id = :id""; $stmt = $pdo->prepare($sql); $stmt->bindParam(':id', $userDTO->id, PDO::PARAM_INT); $stmt->execute();`
BUG FOUND: YES

Explanation:
The code constructs an SQL query using the 'id' property of a UserDTO object, which is derived from user input ($_GET['user_id']). If the user input is not properly sanitized, an attacker can inject malicious SQL code, leading to unauthorized access, data modification, or data extraction. To mitigate this risk, use prepared statements or parameterized queries to ensure user input is always treated as literal data, not part of the SQL command."
6833," SE: The input from $_GET['transaction_id'] is directly used in the SQL query without any sanitization.
BL: `$likeIdentifier = $identifier . '%';` in the line where the SQL query is being prepared.
BUG FOUND: YES

Explanation:
The code is vulnerable to SQL Injection attacks because it uses user input ($_GET['transaction_id']) directly in the SQL query. An attacker can manipulate the input to inject malicious SQL code, which can lead to unauthorized access, data modification, or data extraction. To fix this issue, you should use prepared statements with parameter binding to ensure that user input is always treated as literal data, not part of the SQL command."
6801," SE: The input from the user is directly used in an SQL query without proper sanitization, making it vulnerable to SQL Injection.
BL: `$sql = ""SELECT * FROM payments WHERE transaction_id LIKE :identifier"";` (this line is part of a larger SQL query but the vulnerability is here)
BUG FOUND: YES"
3765," SE: The user input ($_GET['user_id']) is directly used in the SQL query without proper sanitization, making it vulnerable to SQL Injection.
BL: $userDTO = new UserDTO($_GET['user_id']);
$sql = ""SELECT * FROM users WHERE id = :id"";
 Stuart = $pdo->prepare($sql);
 Stuart->bindParam(':id', $userDTO->id, PDO::PARAM_INT);
 Stuart->execute();
BUG FOUND: YES"
3766," SE: The user input from $_GET['user_id'] is directly used in an SQL query without proper sanitization or parameterization.
BL: `$userDTO = new UserDTO($_GET['user_id']);` and `$stmt->bindParam(':id', $userDTO->id, PDO::PARAM_INT);`
BUG FOUND: YES

Explanation:
The code is vulnerable to SQL Injection because it uses user input directly in the SQL query. Even though the input is cast to an integer using PDO::PARAM_INT, this does not protect against SQL injection if the input is not an integer. It's always better to use prepared statements and parameterized queries to ensure the safety of the application."
6849," SE: N/A
BL: N/A
BUG FOUND: NO

Explanation:
After analyzing the provided file content, I didn't find any lines containing SQL queries with user input directly concatenated, which could lead to SQL Injection (CWE-89). Therefore, there is no bug of type CWE-89 in the given code."
7120," SE: The input from user 'paymentInput' is directly used in the SQL query without proper sanitization, which could lead to SQL Injection.
BL: `$paymentInput = $_GET['transaction_id']; $payments = $paymentProcessor->getPaymentDetails($paymentInput)`
BUG FOUND: YES"
723," SE: The user input from $_GET['user_id'] is directly used in the prepare statement without any sanitization, which could potentially lead to an SQL Injection if the input is not properly filtered.
BL: `$stmt->bind_param('i', $_GET['user_id']);`
BUG FOUND: YES"
768," SE: The SQL query uses user input directly in the query without proper sanitation, making it susceptible to SQL Injection.
BL: `$stmt->bind_param('i', $_GET['user_id']);`
BUG FOUND: YES

Explanation:
The code is dynamically creating an SQL query using user input from the GET request, specifically `$_GET['user_id']`. If this input is not properly sanitized, an attacker can inject malicious SQL code into the query, leading to unauthorized access, data modification, or data extraction. In this case, the code uses prepared statements with parameter binding, which is a good practice to prevent SQL injection. However, the example output above is shown as bugged because the user input is not properly sanitized before being used in the prepared statement. To mitigate the risk of SQL injection, you should always validate and sanitize user inputs, especially when they are used in dynamic SQL queries."
736," SE: The SQL query uses user input directly in the query without proper sanitation, which could lead to SQL Injection.
BL: `$sql = ""SELECT * FROM users WHERE id = ?""; $stmt = $mysqli->prepare($sql); $stmt->bind_param('i', $_GET['user_id']);`
BUG FOUND: YES

Explanation:
The code is vulnerable to SQL Injection because it uses user input from the GET request directly in the SQL query. Even though it uses prepared statements, the user input is not bound as a parameter but inserted directly into the query string. This can lead to an SQL Injection attack if the user input contains malicious SQL code. To fix this issue, the user input should be bound as a parameter using `$stmt->bind_param()` instead of being inserted directly into the query string."
3794," SE: The SQL query uses user input directly in the query without proper sanitization, making it vulnerable to SQL Injection.
BL: `$sql = ""SELECT * FROM users WHERE id = :id""; $stmt = $pdo->prepare($sql); $stmt->bindParam(':id', $userDTO->id, PDO::PARAM_INT); $stmt->execute();`
BUG FOUND: YES

Explanation:
The code constructs an SQL query using the 'id' property of the $userDTO object, which is constructed using the 'user_id' parameter from a GET request. If the 'user_id' parameter is not properly sanitized, an attacker can inject malicious SQL code into the query, leading to unauthorized access, data modification, or data extraction. To fix this issue, you should use prepared statements or parameterized queries correctly and sanitize all user inputs before using them in SQL queries."
7121," SE: The input from user is directly used in the SQL query without proper sanitization.
BL: `$sql = ""SELECT * FROM payments WHERE transaction_id LIKE :identifier"";`
BUG FOUND: YES

Explanation:

The `getPaymentDetails` function in the `PaymentDataProcessor` class takes an input `$input` which is then used to create a SQL query. If the input is not properly sanitized, it can lead to SQL Injection (CWE-89). In this case, the input is used in the `LIKE` clause of the SQL query, making it vulnerable to time-based blind SQL injection attacks."
6788," SE: The 'input' from user is directly used in the SQL query without proper sanitization, which could lead to SQL Injection.
BL: `$sql = ""SELECT * FROM payments WHERE transaction_id LIKE :identifier"";`
BUG FOUND: YES

Explanation:

The code is taking user input from the GET request and using it directly in the SQL query. This leaves the application vulnerable to SQL Injection attacks. An attacker can manipulate the input to modify the SQL query, leading to unauthorized access, data modification, or data leakage.

To prevent SQL Injection, you should use prepared statements and parameterized queries to ensure user input is always treated as literal data, not part of the SQL command. In this case, you can modify the code as follows:

```php
$sql = ""SELECT * FROM payments WHERE transaction_id LIKE :identifier"";
$stmt = $this->pdo->prepare($sql);
$likeIdentifier = $identifier . '%';
$stmt->bindParam(':identifier', $likeIdentifier, PDO::PARAM_STR);
$stmt->execute();
```

This way, the user input is properly sanitized and escaped, mitigating the risk of SQL Injection."
1060," SE: The user input from the GET request is directly used in the SQL query without proper sanitization.
BL: `$stmt->bind_param('i', $_GET['user_id']);`
BUG FOUND: YES"
4100," SE: The user input from the global scope is directly used in the SQL query without proper sanitization, which could lead to an SQL Injection vulnerability (CWE-89).
BL: `$userDTO = new UserDTO($_GET['user_id']);`
BUG FOUND: YES

Explanation:
The code takes user input from the GET request and uses it directly in the SQL query. This leaves the application vulnerable to SQL Injection attacks if the input is not properly sanitized. It's recommended to use prepared statements or parameterized queries to avoid this vulnerability."
3778," SE: The SQL query uses user input directly in the query without proper sanitation or parameterization, making it susceptible to SQL Injection.
BL: `$sql = ""SELECT * FROM users WHERE id = :id"";`
BUG FOUND: YES

Explanation:
The line of code you provided is a SQL query that uses user input (`$_GET['user_id']`) directly in the query. This poses a risk for SQL Injection attacks because an attacker can manipulate the user input to alter the SQL query's behavior. To mitigate this risk, you should use prepared statements or parameterized queries to ensure that user input is always treated as literal values and not part of the SQL command. Here's an example of how to use prepared statements with PDO:

```php
$stmt = $pdo->prepare(""SELECT * FROM users WHERE id = :id"");
$stmt->bindParam(':id', $userDTO->id, PDO::PARAM_INT);
$stmt->execute();
```

This way, the user input is always treated as a value and not part of the SQL command, making it secure against SQL Injection attacks."
4130," SE: The user input from $_GET['user_id'] is directly used in the SQL query without any sanitization, potentially allowing for SQL Injection.
BL: `$userDTO = new UserDTO($_GET['user_id']);`
BUG FOUND: YES

Please note that the rest of the code does not contain any instances of the specified bug (CWE-89). However, it is crucial to sanitize all user inputs, especially when they are used in SQL queries. In this case, you should consider using prepared statements or escaping the user input to prevent SQL Injection attacks."
4101," SE: The user input from $_GET['user_id'] is directly used in the SQL query without proper sanitization, which could lead to SQL Injection.
BL: `$userDTO = new UserDTO($_GET['user_id']);`
BUG FOUND: YES"
7165," SE: The input from $_GET['transaction_id'] is directly used in the SQL query without proper sanitization, which could lead to SQL Injection.
BL: `$paymentInput = $_GET['transaction_id']; $payments = $paymentProcessor->getPaymentDetails($paymentInput)`
BUG FOUND: YES

Explanation:
In the provided code, the input from $_GET['transaction_id'] is directly used in the SQL query in the getPaymentDetails function. This poses a risk for SQL Injection as the input is not sanitized or parameterized before being used in the query. It is recommended to use prepared statements or parameterized queries to avoid this type of vulnerability."
7119," SE: The input from user ($_GET['transaction_id']) is directly used in the SQL query without proper sanitization, making it vulnerable to SQL Injection.
BL: `$paymentInput = $_GET['transaction_id']; $payments = $paymentProcessor->getPaymentDetails($paymentInput)`
BUG FOUND: YES

Explanation:
The code is taking user input from the GET request and using it directly in the SQL query. This can lead to SQL Injection if the user input is not properly sanitized. An attacker can manipulate the input to modify the SQL query, leading to unauthorized access, data modification, or data extraction. To prevent SQL Injection, use prepared statements or parameterized queries to ensure user input is always treated as data, not part of the SQL command."
1059," SE: The user input from $_GET['user_id'] is directly used in the SQL query without proper sanitization, which could lead to SQL Injection.
BL: `$stmt->bind_param('i', $_GET['user_id']);`
BUG FOUND: YES"
4162," SE: The SQL query uses user input directly in the query without proper sanitation, which could lead to SQL Injection.
BL: `$sql = ""SELECT * FROM users WHERE id = :id""; $stmt = $pdo->prepare($sql); $stmt->bindParam(':id', $userDTO->id, PDO::PARAM_INT); $stmt->execute();`
BUG FOUND: YES

Explanation:
The code is dynamically creating an SQL query using user input from the GET request in the form of `user_id`. This input is directly used in the SQL query without any sanitation or validation, making it vulnerable to SQL Injection attacks. An attacker could exploit this vulnerability by injecting malicious SQL code into the `user_id` parameter, potentially leading to unauthorized access, data tampering, or data exfiltration. To mitigate this risk, it is recommended to use prepared statements with parameterized queries or perform input validation and sanitation before using user input in SQL queries."
1072," SE: The SQL query uses user input directly in the query without proper sanitization, making it susceptible to SQL Injection.
BL: `$stmt->bind_param('i', $_GET['user_id']);`
BUG FOUND: YES"
3826," SE: The SQL query uses user input directly in the query without proper sanitation, which could lead to SQL Injection.
BL: `$sql = ""SELECT * FROM users WHERE id = :id""; $stmt = $pdo->prepare($sql); $stmt->bindParam(':id', $userDTO->id, PDO::PARAM_INT); $stmt->execute();`
BUG FOUND: YES

Explanation:
The code is creating a SQL query to fetch data from the 'users' table using the 'id' provided by the user. The 'id' is directly used in the SQL query without any sanitation, which could potentially lead to SQL Injection if the 'id' is manipulated by an attacker. It is recommended to use prepared statements with bound parameters to ensure the safety of the SQL query. In this case, the code is already using prepared statements, but the 'bindParam' function is not being used correctly. The 'bindParam' function should be used with a variable, not a property of an object. Therefore, it is recommended to use the 'bindValue' function instead.

Corrected Code:

```php
$sql = ""SELECT * FROM users WHERE id = :id"";
$stmt = $pdo->prepare($sql);
$stmt->bindValue(':id', $userDTO->id, PDO::PARAM_INT);
$stmt->execute();
```"
7149," SE: The input from $_GET['transaction_id'] is directly used in the SQL query without proper sanitization.
BL: `$likeIdentifier = $identifier . '%';` in `getPaymentDetails()` function of `PaymentDataProcessor` class.
BUG FOUND: YES

Explanation:
The code is vulnerable to SQL Injection attacks because it uses user-supplied data ($_GET['transaction_id']) directly in the SQL query. An attacker can manipulate the input to inject malicious SQL code, which can lead to unauthorized access, data modification, or data extraction. To fix this issue, you should use prepared statements or parameterized queries to ensure user input is always treated as literal values and not part of the SQL command."
1058," SE: The user input from $_GET['user_id'] is directly used in the SQL query without proper sanitization, which could potentially lead to an SQL Injection vulnerability (CWE-89).
BL: `$stmt->bind_param('i', $_GET['user_id']);`
BUG FOUND: YES"
1088," SE: The SQL query uses user input in the WHERE clause without proper sanitation, making it susceptible to SQL Injection.
BL: `$stmt->bind_param('i', $_GET['user_id']);`
BUG FOUND: YES

Explanation:
The code is taking user input from the GET request and using it directly in the SQL query. This is a serious security vulnerability as it allows an attacker to manipulate the SQL query by injecting malicious code. Always sanitize user inputs and use prepared statements or parameterized queries to avoid SQL Injection attacks."
1120," SE: The code constructs a SQL query using user input without proper sanitation, which can lead to SQL Injection.
BL: `$sql = ""SELECT * FROM users WHERE id = ?""; $stmt->bind_param('i', $_GET['user_id']);`
BUG FOUND: YES

Explanation:
The code is constructing a SQL query using user input from the GET request without proper sanitation. This can lead to SQL Injection if the user input contains malicious SQL code. The `bind_param` function helps protect against some types of SQL Injection, but it is not foolproof. To prevent SQL Injection, use prepared statements and parameterized queries to ensure user input is always treated as literal data, not part of the SQL command."
4114," SE: The SQL query uses user input in the form of a parameterized query, which is a good practice to prevent SQL injection. However, the code does not check if the 'user_id' parameter is an integer, so it might be vulnerable to CWE-89 if the input is not properly sanitized elsewhere.

BL: `$userDTO = new UserDTO($_GET['user_id']);`

BUG FOUND: NO, but potential risk exists if input is not sanitized properly."
1136," SE: N/A
BL: N/A
BUG FOUND: NO

The provided file content does not contain any lines that may contain a bug of type CWE-89 (Improper Neutralization of Special Elements used in an SQL Command ('SQL Injection')). The code uses prepared statements and parameterized queries to bind and execute user input in SQL queries, which helps prevent SQL injection attacks."
7197," SE: N/A
BL: N/A
BUG FOUND: NO

The provided file content does not contain any lines that may contain a bug of type CWE-89 (Improper Neutralization of Special Elements used in an SQL Command ('SQL Injection')). The code is safe from SQL injection attacks as it uses prepared statements and parameterized queries to interact with the database."
4178," SE: The SQL query uses user input in the query without proper sanitization, making it susceptible to SQL Injection.
BL: `$sql = ""SELECT * FROM users WHERE id = :id""; $stmt = $pdo->prepare($sql); $stmt->bindParam(':id', $userDTO->id, PDO::PARAM_INT); $stmt->execute();`
BUG FOUND: YES

Explanation:
The code is creating a SQL query to fetch data from the 'users' table using the 'id' column and a user-provided input for the 'id' value. The query is created using string concatenation, which can lead to SQL Injection if the input is not properly sanitized. Although the code uses prepared statements and parameter binding, which are good practices to prevent SQL Injection, the provided example uses PDO::PARAM_INT for binding the 'id' parameter. This ensures that the 'id' value is treated as an integer, which reduces the risk of SQL Injection. However, if the 'id' value is not guaranteed to be an integer or if the data type binding is not used, the code remains vulnerable to SQL Injection."
4146," SE: The SQL query uses user input directly in the query without proper sanitization, making it vulnerable to SQL Injection.
BL: `$sql = ""SELECT * FROM users WHERE id = :id""; $stmt = $pdo->prepare($sql); $stmt->bindParam(':id', $userDTO->id, PDO::PARAM_INT); $stmt->execute();`
BUG FOUND: YES

Explanation:
The code constructs an SQL query using the user input $userDTO->id directly in the query. If the user input is not properly sanitized, it can lead to SQL Injection vulnerabilities. In this case, the code uses prepared statements with bound parameters, which is a good practice to prevent SQL Injection. However, the example does not show how the $userDTO object is created or where the $user_id variable comes from. If the $user_id variable is obtained from user input without proper sanitization, it can still lead to SQL Injection vulnerabilities. Therefore, it's essential to ensure that all user inputs are properly sanitized before using them in SQL queries or any other sensitive operations."
7181," SE: The input from $_GET['transaction_id'] is directly used in the SQL query without any sanitization, which could potentially lead to SQL Injection.
BL: `$paymentInput = $_GET['transaction_id']; $payments = $paymentProcessor->getPaymentDetails($paymentInput)`
BUG FOUND: YES

Explanation:
The code is taking the transaction_id from the GET request and using it directly in the SQL query. This is a potential security risk as an attacker could manipulate the transaction_id to inject malicious SQL code. It's recommended to use prepared statements or parameterized queries to avoid SQL Injection."
4102," SE: The user input from $_GET['user_id'] is directly used in the SQL query without proper sanitization or parameterization.
BL: `$userDTO = new UserDTO($_GET['user_id']);`
BUG FOUND: YES

Explanation:
The code is vulnerable to SQL Injection because it uses the user input directly in the SQL query. An attacker can manipulate the user_id parameter to inject malicious SQL code. To fix this issue, you should use prepared statements or parameterized queries to ensure that user input is properly sanitized and safely included in the SQL query."
7561," SE: The input from $_GET['transaction_id'] is directly used in the SQL query without proper sanitization, which could lead to SQL Injection.
BL: `$paymentInput = $_GET['transaction_id']; $payments = $paymentProcessor->getPaymentDetails($paymentInput)`
BUG FOUND: YES"
7133," SE: The SQL query uses user input directly in the WHERE clause with the LIKE operator, which may introduce SQL Injection vulnerabilities if the input is not properly sanitized.
BL: `$sql = ""SELECT * FROM payments WHERE transaction_id LIKE :identifier"";`
BUG FOUND: YES

Explanation:

The line `$sql = ""SELECT * FROM payments WHERE transaction_id LIKE :identifier"";` is using user input (`$input` from `$paymentInput = $_GET['transaction_id'];`) in the SQL query directly. This can lead to SQL Injection vulnerabilities if the input is not properly sanitized. Although prepared statements are used, the user input is still used in a way that could be exploited if it contains malicious SQL code. To mitigate this risk, consider using functions that specifically escape or sanitize the input for use in SQL queries, or use parameterized queries with placeholders for all user input."
1458," SE: The user input from $_GET['user_id'] is directly used in the SQL query without any sanitization, which could potentially lead to SQL Injection.
BL: `$stmt->bind_param('i', $_GET['user_id']);`
BUG FOUND: YES"
1104," SE: The SQL query uses user input in the 'bind_param' function without proper sanitation, which may lead to SQL Injection if the user input is not properly escaped.
BL: `$stmt->bind_param('i', $_GET['user_id']);`
BUG FOUND: YES

Explanation:

In the provided code, there is a possibility of a SQL injection vulnerability in the line `$stmt->bind_param('i', $_GET['user_id']);`. If the user input for 'user_id' is not properly sanitized, it can lead to an SQL injection attack. Although the 'i' in `bind_param` indicates that the input is an integer, it's still important to ensure that the user input is properly sanitized and validated before using it in a query. To mitigate this risk, consider validating the user input and ensuring it is an integer before using it in the query."
7516," SE: The input from $_GET['transaction_id'] is directly used in the SQL query without any sanitization, making it susceptible to SQL Injection.
BL: `$paymentInput = $_GET['transaction_id']; $payments = $paymentProcessor->getPaymentDetails($paymentInput)`
BUG FOUND: YES

Explanation:
The code is vulnerable to SQL Injection attacks because it uses user input directly in the SQL query. The user input is taken from the GET request parameter 'transaction_id' and used in the SQL query without any sanitization or validation. This can allow an attacker to inject malicious SQL code and manipulate the database, bypass authentication, or steal sensitive data. To prevent SQL Injection attacks, always sanitize or validate user input and use prepared statements or parameterized queries."
4500," SE: The SQL query uses user input in the 'where' clause without proper sanitation, making it susceptible to SQL Injection.
BL: `$sql = ""SELECT * FROM users WHERE id = :id"";`
BUG FOUND: YES

Explanation:
The code is creating a SQL query that uses user input (`$userDTO->id`) directly in the 'where' clause of the query. If the user input is not properly sanitized, an attacker can inject malicious SQL code into the query, leading to SQL Injection vulnerabilities. To mitigate this risk, consider using prepared statements or parameterized queries to ensure user input is properly escaped and sanitized."
1460," SE: The SQL query uses user input in the prepare statement without proper sanitation, which may lead to SQL Injection.
BL: `$stmt->bind_param('i', $_GET['user_id']);`
BUG FOUND: YES

Explanation:
The code is vulnerable to SQL Injection attacks because it uses user input directly in the prepare statement without proper sanitation. The user input comes from the `$_GET` variable, which can be manipulated by the user. An attacker could exploit this by providing specially crafted input to inject malicious SQL code, potentially leading to unauthorized access, data modification, or data leakage. To fix this issue, consider using parameterized queries or sanitizing the user input before using it in the query."
1472," SE: The SQL query uses user input directly in the query without proper sanitation, making it susceptible to SQL Injection.
BL: `$stmt->bind_param('i', $_GET['user_id']);`
BUG FOUND: YES"
7515," SE: The input from user ($_GET['transaction_id']) is directly used in the SQL query without proper sanitization, making it vulnerable to SQL Injection.
BL: `$paymentInput = $_GET['transaction_id']; $payments = $paymentProcessor->getPaymentDetails($paymentInput)`
BUG FOUND: YES

Explanation:
The code is taking the 'transaction_id' from the GET request and using it directly in the SQL query. This can lead to SQL Injection if an attacker provides a specially crafted input. To prevent this, the input should be properly sanitized or parameterized queries should be used. In this case, the bindParam function is used, but it is not enough as the identifier is still vulnerable. To fix this, the input should be properly escaped or validated before using it in the query."
7545," SE: The input from $_GET['transaction_id'] is directly used in the SQL query without proper sanitization.
BL: `$likeIdentifier = $identifier . '%';` in `getPaymentDetails()` function of `PaymentDataProcessor` class.
BUG FOUND: YES

Explanation:
The input from $_GET['transaction_id'] is directly used in the SQL query without proper sanitization. This makes the code vulnerable to SQL Injection attacks (CWE-89). An attacker can manipulate the input to inject malicious SQL code, which can lead to unauthorized access, data modification, or data leakage. To fix this issue, consider using prepared statements or parameterized queries to sanitize the input."
1536," SE: There is no usage of user input directly in SQL queries in the provided code, hence no chance of SQL Injection (CWE-89).

BL: none

BUG FOUND: NO"
4546," SE: The SQL query uses user input directly in the query without proper sanitization, making it vulnerable to SQL Injection.
BL: `$sql = ""SELECT * FROM users WHERE id = :id""; $stmt = $pdo->prepare($sql); $stmt->bindParam(':id', $userDTO->id, PDO::PARAM_INT); $stmt->execute();`
BUG FOUND: YES

Explanation:
The code constructs an SQL query using the user input $userDTO->id without proper sanitization. This makes the application vulnerable to SQL Injection attacks. To mitigate this risk, use prepared statements and parameterized queries to ensure user input is always treated as literal data, not part of the SQL command."
4501," SE: The user input from $_GET['user_id'] is directly used in the SQL query without proper sanitization or parameterization, making it susceptible to SQL Injection.
BL: $userDTO = new UserDTO($_GET['user_id']);
$sql = ""SELECT * FROM users WHERE id = :id""; 
$stmt = $pdo->prepare($sql);
$stmt->bindParam(':id', $userDTO->id, PDO::PARAM_INT);
BUG FOUND: YES."
4530," SE: The SQL query uses user input directly in the query without proper sanitization, making it vulnerable to SQL Injection.
BL: `$sql = ""SELECT * FROM users WHERE id = :id"";`
BUG FOUND: YES

Explanation:
The line $sql = ""SELECT * FROM users WHERE id = :id""; is vulnerable to SQL Injection because it uses user input ($_GET['user_id']) directly in the SQL query. An attacker can manipulate the user_id parameter to inject malicious SQL code, leading to unauthorized access, data modification, or data extraction. To prevent SQL Injection, use prepared statements and parameterized queries to ensure user input is always treated as literal data, not part of the SQL command."
4502," SE: The user input from $_GET['user_id'] is directly used in the SQL query without proper sanitization, making it susceptible to SQL Injection.
BL: `$userDTO = new UserDTO($_GET['user_id']);`
BUG FOUND: YES"
1459," SE: The user input from $_GET['user_id'] is directly used in the SQL query without proper sanitization, which could lead to an SQL Injection vulnerability.
BL: `$stmt->bind_param('i', $_GET['user_id']);`
BUG FOUND: YES"
7517," SE: The input 'input' is directly used in an SQL query without proper sanitization, making it susceptible to SQL Injection.
BL: `$identifier = strstr($input, '_', true) ?: $input; $sql = ""SELECT * FROM payments WHERE transaction_id LIKE :identifier"";`
BUG FOUND: YES

Explanation:

The code is constructing an SQL query using the 'input' variable without proper sanitization. This makes it vulnerable to SQL Injection attacks. An attacker can manipulate the 'input' variable to inject malicious SQL code, which can lead to unauthorized access, data modification, or data extraction.

To fix this issue, consider using prepared statements or parameterized queries to ensure that user input is always treated as literal data, not part of the SQL command. In this case, you can modify the code as follows:

```php
$stmt = $this->pdo->prepare(""SELECT * FROM payments WHERE transaction_id LIKE :identifier"");
$likeIdentifier = $identifier . '%';
$stmt->bindParam(':identifier', $likeIdentifier, PDO::PARAM_STR);
$stmt->execute();
```

This way, the 'input' variable is safely bound to the prepared statement, and the risk of SQL Injection is mitigated."
1552," SE: There is no usage of user input in any SQL queries in the provided code, so there is no risk of SQL Injection (CWE-89).

BL: none

BUG FOUND: NO"
7529," SE: The input 'input' is directly used in an SQL query without proper sanitation, which may lead to SQL Injection.
BL: `$identifier = strstr($input, '_', true) ?: $input;`
BUG FOUND: YES

Explanation:

The code is using user-provided input in an SQL query without proper sanitation. The `getPaymentDetails` function takes an `input` parameter from the user and uses it directly in the SQL query. This creates a vulnerability known as SQL Injection. An attacker can manipulate the input to inject malicious SQL code, which can lead to unauthorized access, data modification, or data extraction.

To prevent SQL Injection, you should use prepared statements or parameterized queries to ensure that user input is always treated as literal data, not part of the SQL command."
4562," SE: The SQL query uses user input directly in the query without proper sanitization, making it vulnerable to SQL Injection.
BL: `$sql = ""SELECT * FROM users WHERE id = :id""; $stmt = $pdo->prepare($sql); $stmt->bindParam(':id', $userDTO->id, PDO::PARAM_INT); $stmt->execute();`
BUG FOUND: YES

Explanation:
The code is constructing an SQL query using user input ($_GET['user\_id']) without proper sanitization. This makes the application vulnerable to SQL Injection attacks. To mitigate this risk, use prepared statements and parameterized queries to ensure user input is always treated as literal data, not part of the SQL command. In this specific case, the code already uses PDO and prepared statements, but the parameter is bound using PDO::PARAM\_INT, which is not necessary here and does not affect the potential SQL injection vulnerability."
4594," SE: There is no usage of user input in SQL queries in the provided code, so there is no risk of SQL Injection (CWE-89).

BL: None

BUG FOUND: NO"
4514," SE: The SQL query uses user input directly in the query without proper sanitation, making it susceptible to SQL Injection.
BL: `$sql = ""SELECT * FROM users WHERE id = :id"";`
BUG FOUND: YES

Explanation:
The line $sql = ""SELECT * FROM users WHERE id = :id""; is vulnerable to SQL Injection because the user input ($_GET['user_id']) is directly used in the SQL query. If the input is not properly sanitized, an attacker can inject malicious SQL code, leading to unauthorized access, data modification, or data extraction. To prevent SQL Injection, use prepared statements and parameterized queries to ensure user input is always treated as literal values and not part of the SQL command."
1488," SE: The SQL query uses user input directly in the query without proper sanitation, making it vulnerable to SQL Injection.
BL: `$stmt->bind_param('i', $_GET['user_id']);`
BUG FOUND: YES

Explanation:
The code is using user input from the GET request directly in the SQL query, which can lead to SQL Injection if the input is not properly sanitized. In this case, the user input is being bound to the query using `bind_param`, which is a good practice, but it's still possible for an attacker to manipulate the input to alter the SQL query. To prevent SQL Injection, use prepared statements and parameterized queries to ensure user input is always treated as literal data, not part of the SQL command."
1520," SE: The SQL query uses user input directly in the query without proper sanitation, making it susceptible to SQL Injection.
BL: `$sql = ""SELECT * FROM users WHERE id = ?""; $stmt->bind_param('i', $_GET['user_id']); $stmt->execute();`
BUG FOUND: YES

Please note that the rest of the code does not contain any instances of the specified bug. However, it is crucial to always sanitize and validate user inputs, especially when they are used in SQL queries or other sensitive operations."
1504," SE: The SQL query uses user input in the 'bind_param' function without proper sanitation, which may lead to SQL Injection if the user input is not properly escaped.
BL: `$stmt->bind_param('i', $_GET['user_id']);`
BUG FOUND: YES

Explanation:
The code is using prepared statements, which is a good practice to prevent SQL injection. However, the 'i' in the 'bind_param' function indicates that the user input should be treated as an integer. If the user input is not properly sanitized and can be manipulated to contain string data, it can still lead to SQL injection. Therefore, it is important to ensure that the user input is always properly sanitized and validated before using it in SQL queries."
7975," SE: The input from the user is directly used in an SQL query without proper sanitization, making it vulnerable to SQL Injection.
BL: `$sql = ""SELECT * FROM payments WHERE transaction_id LIKE :identifier"";` (this line is not bugged itself, but it's part of the vulnerable code)
BUG FOUND: YES"
7609," SE: The input from the GET request is directly used in the SQL query without any sanitization.
BL: `$paymentInput = $_GET['transaction_id'];`
BUG FOUND: YES

Please note that the following lines may also be vulnerable:

SE: The 'like' operator in the SQL query is using a user-provided input without proper sanitization.
BL: `$likeIdentifier = $identifier . '%';` and `$stmt->bindParam(':identifier', $likeIdentifier, PDO::PARAM_STR);`
BUG FOUND: YES

It is recommended to use prepared statements or parameterized queries to avoid SQL injection vulnerabilities."
4578," SE: The SQL query uses user input directly in the query without proper sanitation, which can lead to SQL Injection.
BL: `$sql = ""SELECT * FROM users WHERE id = :id""; $stmt = $pdo->prepare($sql); $stmt->bindParam(':id', $userDTO->id, PDO::PARAM_INT); $stmt->execute();`
BUG FOUND: YES

Explanation:
The code is dynamically creating an SQL query using user input from the `$_GET` variable. Specifically, it uses the `user_id` parameter in the URL to construct the query. This approach is insecure because it does not properly sanitize the user input, making it vulnerable to SQL Injection attacks. An attacker can manipulate the `user_id` parameter to inject malicious SQL code into the query, potentially leading to unauthorized access, data modification, or data extraction.

To fix this issue, you should use prepared statements and parameter binding to sanitize the user input. In this case, the code already uses prepared statements and parameter binding, but it does not sanitize the `user_id` parameter before using it as the value for the `:id` parameter. To fix the issue, you should sanitize the `user_id` parameter before using it in the query. For example, you can cast it to an integer to ensure it only contains numeric characters:
```bash
$user_id = (int)$_GET['user_id'];
$userDTO = new UserDTO($user_id);
```
This will ensure that the `user_id` parameter only contains numeric characters, making it more difficult for an attacker to inject malicious SQL code into the query."
7577," SE: The input from user is directly used in an SQL query without proper sanitization, which may lead to SQL Injection.
BL: `$sql = ""SELECT * FROM payments WHERE transaction_id LIKE :identifier"";`
BUG FOUND: YES

Explanation:
The code is using prepared statements, which is a good practice to prevent SQL injection. However, the input is still being used in a LIKE clause with a wildcard (%) at the end, which can potentially be exploited if the input is not properly sanitized. If the input comes from an untrusted source, it's recommended to validate and sanitize it before using it in a query."
8005," SE: The input from $_GET['transaction_id'] is directly used in the SQL query without any sanitization, making it susceptible to SQL Injection.
BL: `$paymentInput = $_GET['transaction_id']; $payments = $paymentProcessor->getPaymentDetails($paymentInput)`
BUG FOUND: YES

Please note that the rest of the code does not contain any instances of CWE-89. However, it is always a good practice to use prepared statements or parameterized queries to prevent SQL injection attacks."
7593," SE: The 'input' variable is directly concatenated into the SQL query without proper sanitation, which could lead to SQL Injection.
BL: `$sql = ""SELECT * FROM payments WHERE transaction_id LIKE :identifier"";`
BUG FOUND: YES

However, it's important to note that the code snippet you provided is incomplete, and the actual concatenation of the 'input' variable into the SQL query is not shown. But based on the provided code, it's possible that a bug of type CWE-89 (Improper Neutralization of Special Elements used in an SQL Command ('SQL Injection')) could exist. Please ensure that the 'input' variable is properly sanitized before being used in the SQL query."
5010," SE: The SQL query uses user input directly in the query without proper sanitization, making it vulnerable to SQL Injection.
BL: `$sql = ""SELECT * FROM users WHERE id = :id""; $stmt = $pdo->prepare($sql); $stmt->bindParam(':id', $userDTO->id, PDO::PARAM_INT); $stmt->execute();`
BUG FOUND: YES

Explanation:
The code constructs an SQL query using the `$userDTO->id` variable directly in the query. If the `$userDTO->id` variable is not properly sanitized, an attacker could inject malicious SQL code into the query, potentially leading to unauthorized access to the database or other malicious activities. To prevent SQL Injection attacks, it is recommended to use prepared statements and parameterized queries, as shown in the code. However, the code still needs to ensure that the `$userDTO->id` variable is properly sanitized before using it in the query."
7977," SE: The 'input' is directly concatenated into SQL query without proper sanitation, making it susceptible to SQL Injection.
BL: `$sql = ""SELECT * FROM payments WHERE transaction_id LIKE :identifier"";`
BUG FOUND: YES"
4994," SE: The SQL query uses user input directly in the query without proper sanitization, making it vulnerable to SQL Injection.
BL: `$sql = ""SELECT * FROM users WHERE id = :id"";`
BUG FOUND: YES

Please note that the actual impact and exploitation of this vulnerability depend on various factors such as the database schema, application logic, and the context in which this code is used. However, it's always recommended to use prepared statements or parameterized queries to ensure the safety of your application."
5042," SE: The SQL query uses user input directly in the query without proper sanitation, making it susceptible to SQL Injection.
BL: `$sql = ""SELECT * FROM users WHERE id = :id""; $stmt = $pdo->prepare($sql); $stmt->bindParam(':id', $userDTO->id, PDO::PARAM_INT); $stmt->execute();`
BUG FOUND: YES

Explanation:
The code constructs an SQL query using the `id` property of a `UserDTO` object, which may contain user-provided data. If the `id` property is not properly sanitized, an attacker could potentially inject malicious SQL code into the query, leading to SQL Injection vulnerabilities. To mitigate this risk, use prepared statements and parameterized queries to ensure that user input is always treated as literal values and not part of the SQL command."
4965," SE: The user input from the GET request is directly used in an SQL query without proper sanitization, making it vulnerable to SQL Injection.
BL: `$userDTO = new UserDTO($_GET['user_id']);` and `$stmt->bindParam(':id', $userDTO->id, PDO::PARAM_INT);`
BUG FOUND: YES"
7989," SE: The input from the user is directly used in an SQL query without proper sanitization, making it vulnerable to SQL Injection.
BL: `$sql = ""SELECT * FROM payments WHERE transaction_id LIKE :identifier"";`
BUG FOUND: YES

Explanation:
The code constructs an SQL query using user input in the `transaction_id` parameter. If this input is not properly sanitized, an attacker can inject malicious SQL code, leading to unauthorized access or data manipulation. To prevent SQL injection, use prepared statements or parameterized queries, and ensure that user inputs are properly sanitized before using them in queries."
1923," SE: The user input from the GET request is directly used in the SQL query without any sanitization or parameterization, making it vulnerable to SQL Injection.
BL: `$stmt->bind_param('i', $_GET['user_id']);`
BUG FOUND: YES"
8021," SE: The input from the user is directly used in an SQL query without proper sanitization, making it susceptible to SQL Injection.
BL: `$sql = ""SELECT * FROM payments WHERE transaction_id LIKE :identifier"";`
BUG FOUND: YES

Explanation:
The code is constructing an SQL query using user input in the form of a transaction ID. If the transaction ID is not properly sanitized, an attacker could potentially inject malicious SQL code, leading to unauthorized access or data manipulation. To prevent SQL Injection, use prepared statements or parameterized queries, and ensure that user inputs are properly sanitized before using them in SQL queries."
2000," SE: N/A
BL: N/A
BUG FOUND: NO

The provided file content does not contain any line that may contain a bug of type CWE-89 (Improper Neutralization of Special Elements used in an SQL Command ('SQL Injection')). The code is using prepared statements and parameter binding to construct the SQL query, which helps prevent SQL injection attacks."
1952," SE: The SQL query uses user input directly in the query without proper sanitization, making it vulnerable to SQL Injection.
BL: `$stmt->bind_param('i', $_GET['user_id']);`
BUG FOUND: YES"
7976," SE: The input from the user is directly used in the SQL query without any sanitization, which could lead to SQL Injection.
BL: `$sql = ""SELECT * FROM payments WHERE transaction_id LIKE :identifier"";`
BUG FOUND: YES

Explanation:
The `$paymentInput` variable, which is obtained from the GET request parameter `transaction_id`, is directly used in the SQL query. If the user provides a malicious string that contains SQL code, it could lead to an SQL injection attack. To prevent this, the input should be sanitized or parameterized queries should be used. In this case, a parameterized query is already being used, but the input is not being bound as a parameter. To fix this, you can bind the `$paymentInput` variable as a parameter to the query like this:
```bash
$stmt->bindParam(':identifier', $paymentInput, PDO::PARAM_STR);
```
This will ensure that the input is properly sanitized and SQL injection is prevented."
1924," SE: The user input from the GET request is directly used in the SQL query without any sanitization, which could lead to SQL Injection.
BL: `$stmt->bind_param('i', $_GET['user_id']);`
BUG FOUND: YES"
8085," SE: There is no direct user input in the provided code, so there is no risk of SQL injection (CWE-89).
BL: None.
BUG FOUND: NO."
5058," SE: There is no direct user input in the provided code, so there is no possibility of SQL injection (CWE-89).
BL: none
BUG FOUND: NO"
5026," SE: The SQL query uses user input in the WHERE clause without proper sanitization, making it vulnerable to SQL Injection.
BL: `$sql = ""SELECT * FROM users WHERE id = :id""; $stmt = $pdo->prepare($sql); $stmt->bindParam(':id', $userDTO->id, PDO::PARAM_INT); $stmt->execute();`
BUG FOUND: YES

Explanation:
The code constructs an SQL query using user input from the GET request in the 'user_id' parameter. If the input is not properly sanitized, an attacker can inject malicious SQL code, leading to unauthorized access, data modification, or data extraction. In this case, the code uses prepared statements with bound parameters, which is a good practice to prevent SQL Injection. However, the 'id' parameter is explicitly cast to an integer using PDO::PARAM_INT, which might not be sufficient to protect against all types of SQL Injection attacks. To ensure maximum security, consider using a library or function specifically designed for input validation and sanitization, such as PDO's built-in functions or a third-party library like 'filter_var'."
4964," SE: The user input from the global array $_GET is directly used in an SQL query without proper sanitization or parameterization, making it vulnerable to SQL Injection attacks.
BL: `$userDTO = new UserDTO($_GET['user_id']);`
BUG FOUND: YES

Please note that the rest of the code does not contain any instances of the specified bug (CWE-89: Improper Neutralization of Special Elements used in an SQL Command ('SQL Injection')). However, it is crucial to always sanitize and parameterize user inputs when dealing with SQL queries to ensure the security of your application."
2016," SE: N/A
BL: N/A
BUG FOUND: NO

The provided file content does not contain any lines that may contain a bug of type CWE-89 (Improper Neutralization of Special Elements used in an SQL Command ('SQL Injection')). The code is written in PHP and there are no SQL queries that concatenate user input directly into the query. Therefore, there is no risk of SQL injection attacks."
